{"meta":{"version":1,"warehouse":"4.0.2"},"models":{"Asset":[{"_id":"source/CNAME","path":"CNAME","modified":1,"renderable":0},{"_id":"node_modules/hexo-theme-next/source/googlebc9677d5efb67f65.html","path":"googlebc9677d5efb67f65.html","modified":1,"renderable":1},{"_id":"node_modules/hexo-theme-next/source/sitemap.xml","path":"sitemap.xml","modified":1,"renderable":1},{"_id":"node_modules/hexo-theme-next/source/css/main.styl","path":"css/main.styl","modified":1,"renderable":1},{"_id":"node_modules/hexo-theme-next/source/css/noscript.styl","path":"css/noscript.styl","modified":1,"renderable":1},{"_id":"node_modules/hexo-theme-next/source/images/16.png","path":"images/16.png","modified":1,"renderable":1},{"_id":"node_modules/hexo-theme-next/source/images/128.png","path":"images/128.png","modified":1,"renderable":1},{"_id":"node_modules/hexo-theme-next/source/images/32.png","path":"images/32.png","modified":1,"renderable":1},{"_id":"node_modules/hexo-theme-next/source/images/alipay.png","path":"images/alipay.png","modified":1,"renderable":1},{"_id":"node_modules/hexo-theme-next/source/images/apple-touch-icon-next.png","path":"images/apple-touch-icon-next.png","modified":1,"renderable":1},{"_id":"node_modules/hexo-theme-next/source/images/arrow.svg","path":"images/arrow.svg","modified":1,"renderable":1},{"_id":"node_modules/hexo-theme-next/source/images/avatar.gif","path":"images/avatar.gif","modified":1,"renderable":1},{"_id":"node_modules/hexo-theme-next/source/images/favicon-16x16-next.png","path":"images/favicon-16x16-next.png","modified":1,"renderable":1},{"_id":"node_modules/hexo-theme-next/source/images/favicon-32x32-next.png","path":"images/favicon-32x32-next.png","modified":1,"renderable":1},{"_id":"node_modules/hexo-theme-next/source/images/logo.svg","path":"images/logo.svg","modified":1,"renderable":1},{"_id":"node_modules/hexo-theme-next/source/images/logo-algolia-nebula-blue-full.svg","path":"images/logo-algolia-nebula-blue-full.svg","modified":1,"renderable":1},{"_id":"node_modules/hexo-theme-next/source/images/wechatpay.png","path":"images/wechatpay.png","modified":1,"renderable":1},{"_id":"node_modules/hexo-theme-next/source/js/bookmark.js","path":"js/bookmark.js","modified":1,"renderable":1},{"_id":"node_modules/hexo-theme-next/source/js/comments-buttons.js","path":"js/comments-buttons.js","modified":1,"renderable":1},{"_id":"node_modules/hexo-theme-next/source/js/comments.js","path":"js/comments.js","modified":1,"renderable":1},{"_id":"node_modules/hexo-theme-next/source/js/config.js","path":"js/config.js","modified":1,"renderable":1},{"_id":"node_modules/hexo-theme-next/source/js/motion.js","path":"js/motion.js","modified":1,"renderable":1},{"_id":"node_modules/hexo-theme-next/source/js/next-boot.js","path":"js/next-boot.js","modified":1,"renderable":1},{"_id":"node_modules/hexo-theme-next/source/js/pjax.js","path":"js/pjax.js","modified":1,"renderable":1},{"_id":"node_modules/hexo-theme-next/source/js/schedule.js","path":"js/schedule.js","modified":1,"renderable":1},{"_id":"node_modules/hexo-theme-next/source/js/utils.js","path":"js/utils.js","modified":1,"renderable":1},{"_id":"node_modules/hexo-theme-next/source/resume/index.html","path":"resume/index.html","modified":1,"renderable":1},{"_id":"node_modules/hexo-theme-next/source/js/schemes/muse.js","path":"js/schemes/muse.js","modified":1,"renderable":1},{"_id":"node_modules/hexo-theme-next/source/js/third-party/fancybox.js","path":"js/third-party/fancybox.js","modified":1,"renderable":1},{"_id":"node_modules/hexo-theme-next/source/js/third-party/pace.js","path":"js/third-party/pace.js","modified":1,"renderable":1},{"_id":"node_modules/hexo-theme-next/source/js/third-party/quicklink.js","path":"js/third-party/quicklink.js","modified":1,"renderable":1},{"_id":"node_modules/hexo-theme-next/source/js/third-party/rating.js","path":"js/third-party/rating.js","modified":1,"renderable":1},{"_id":"node_modules/hexo-theme-next/source/js/third-party/analytics/baidu-analytics.js","path":"js/third-party/analytics/baidu-analytics.js","modified":1,"renderable":1},{"_id":"node_modules/hexo-theme-next/source/js/third-party/analytics/google-analytics.js","path":"js/third-party/analytics/google-analytics.js","modified":1,"renderable":1},{"_id":"node_modules/hexo-theme-next/source/js/third-party/analytics/growingio.js","path":"js/third-party/analytics/growingio.js","modified":1,"renderable":1},{"_id":"node_modules/hexo-theme-next/source/js/third-party/analytics/matomo.js","path":"js/third-party/analytics/matomo.js","modified":1,"renderable":1},{"_id":"node_modules/hexo-theme-next/source/js/third-party/chat/chatra.js","path":"js/third-party/chat/chatra.js","modified":1,"renderable":1},{"_id":"node_modules/hexo-theme-next/source/js/third-party/chat/gitter.js","path":"js/third-party/chat/gitter.js","modified":1,"renderable":1},{"_id":"node_modules/hexo-theme-next/source/js/third-party/chat/tidio.js","path":"js/third-party/chat/tidio.js","modified":1,"renderable":1},{"_id":"node_modules/hexo-theme-next/source/js/third-party/comments/changyan.js","path":"js/third-party/comments/changyan.js","modified":1,"renderable":1},{"_id":"node_modules/hexo-theme-next/source/js/third-party/comments/disqus.js","path":"js/third-party/comments/disqus.js","modified":1,"renderable":1},{"_id":"node_modules/hexo-theme-next/source/js/third-party/comments/disqusjs.js","path":"js/third-party/comments/disqusjs.js","modified":1,"renderable":1},{"_id":"node_modules/hexo-theme-next/source/js/third-party/comments/gitalk.js","path":"js/third-party/comments/gitalk.js","modified":1,"renderable":1},{"_id":"node_modules/hexo-theme-next/source/js/third-party/comments/isso.js","path":"js/third-party/comments/isso.js","modified":1,"renderable":1},{"_id":"node_modules/hexo-theme-next/source/js/third-party/comments/livere.js","path":"js/third-party/comments/livere.js","modified":1,"renderable":1},{"_id":"node_modules/hexo-theme-next/source/js/third-party/comments/utterances.js","path":"js/third-party/comments/utterances.js","modified":1,"renderable":1},{"_id":"node_modules/hexo-theme-next/source/js/third-party/math/katex.js","path":"js/third-party/math/katex.js","modified":1,"renderable":1},{"_id":"node_modules/hexo-theme-next/source/js/third-party/search/algolia-search.js","path":"js/third-party/search/algolia-search.js","modified":1,"renderable":1},{"_id":"node_modules/hexo-theme-next/source/js/third-party/math/mathjax.js","path":"js/third-party/math/mathjax.js","modified":1,"renderable":1},{"_id":"node_modules/hexo-theme-next/source/js/third-party/search/local-search.js","path":"js/third-party/search/local-search.js","modified":1,"renderable":1},{"_id":"node_modules/hexo-theme-next/source/js/third-party/statistics/firestore.js","path":"js/third-party/statistics/firestore.js","modified":1,"renderable":1},{"_id":"node_modules/hexo-theme-next/source/js/third-party/statistics/lean-analytics.js","path":"js/third-party/statistics/lean-analytics.js","modified":1,"renderable":1},{"_id":"node_modules/hexo-theme-next/source/js/third-party/tags/mermaid.js","path":"js/third-party/tags/mermaid.js","modified":1,"renderable":1},{"_id":"node_modules/hexo-theme-next/source/js/third-party/tags/pdf.js","path":"js/third-party/tags/pdf.js","modified":1,"renderable":1},{"_id":"node_modules/hexo-theme-next/source/resume/static/css/style.css","path":"resume/static/css/style.css","modified":1,"renderable":1},{"_id":"node_modules/hexo-theme-next/source/resume/static/fonts/demo.css","path":"resume/static/fonts/demo.css","modified":1,"renderable":1},{"_id":"node_modules/hexo-theme-next/source/resume/static/fonts/demo.html","path":"resume/static/fonts/demo.html","modified":1,"renderable":1},{"_id":"node_modules/hexo-theme-next/source/resume/static/fonts/iconfont.css","path":"resume/static/fonts/iconfont.css","modified":1,"renderable":1},{"_id":"node_modules/hexo-theme-next/source/resume/static/fonts/iconfont.eot","path":"resume/static/fonts/iconfont.eot","modified":1,"renderable":1},{"_id":"node_modules/hexo-theme-next/source/resume/static/fonts/iconfont.svg","path":"resume/static/fonts/iconfont.svg","modified":1,"renderable":1},{"_id":"node_modules/hexo-theme-next/source/resume/static/fonts/iconfont.ttf","path":"resume/static/fonts/iconfont.ttf","modified":1,"renderable":1},{"_id":"node_modules/hexo-theme-next/source/resume/static/fonts/iconfont.woff","path":"resume/static/fonts/iconfont.woff","modified":1,"renderable":1},{"_id":"node_modules/hexo-theme-next/source/resume/static/image/bg.jpg","path":"resume/static/image/bg.jpg","modified":1,"renderable":1},{"_id":"node_modules/hexo-theme-next/source/resume/static/image/weixin.png","path":"resume/static/image/weixin.png","modified":1,"renderable":1},{"_id":"node_modules/hexo-theme-next/source/resume/static/js/modal.js","path":"resume/static/js/modal.js","modified":1,"renderable":1},{"_id":"node_modules/hexo-theme-next/source/resume/static/js/script.js","path":"resume/static/js/script.js","modified":1,"renderable":1}],"Cache":[{"_id":"source/CNAME","hash":"0a6df8f6b98865546fe3583330f9f5e46edb0ace","modified":1668999486279},{"_id":"source/_posts/Hello-blog.md","hash":"b2786e4267ea4717af45622736003da407624164","modified":1669193016278},{"_id":"node_modules/hexo-theme-next/LICENSE.md","hash":"68fc9a03d50fd4b5ea97092b05967d1819dea2c4","modified":1669107682094},{"_id":"node_modules/hexo-theme-next/README.md","hash":"56638e4978154a2f2a3f03ba84047b77b4a499cc","modified":1669107682105},{"_id":"node_modules/hexo-theme-next/_config.yml","hash":"75199d2733abf80d1cfdbb58f6b6785aca86ade3","modified":1669191761528},{"_id":"node_modules/hexo-theme-next/_vendors.yml","hash":"b5ff75b23072a3728b2850c0e8bafbf4f7528342","modified":1669107682573},{"_id":"node_modules/hexo-theme-next/package.json","hash":"984b9d8ed7eea3d847b5a224bbe5e913ac08fd26","modified":1669107682084},{"_id":"node_modules/hexo-theme-next/docs/AGPL3.md","hash":"0d2b8c5fa8a614723be0767cc3bca39c49578036","modified":1669107682086},{"_id":"node_modules/hexo-theme-next/docs/AUTHORS.md","hash":"a648823121563c34a177ae91f5a774b5e29f01a0","modified":1669107682089},{"_id":"node_modules/hexo-theme-next/docs/LICENSE.txt","hash":"f5b14f791b7cfa1d16da981d929152e088a5d1b8","modified":1669107682560},{"_id":"node_modules/hexo-theme-next/languages/README.md","hash":"b2567e32805dda79601157351a07e5ca9fe01315","modified":1669107682103},{"_id":"node_modules/hexo-theme-next/languages/bn.yml","hash":"fccbf2855392186e11daa8590121073594037b7b","modified":1669107682582},{"_id":"node_modules/hexo-theme-next/languages/ar.yml","hash":"bca66db21c015dbd32970d8708b898518a773e1e","modified":1669107682579},{"_id":"node_modules/hexo-theme-next/languages/de.yml","hash":"4be7b8b76c81bf1853eb36d2e874b17546a0e792","modified":1669107682680},{"_id":"node_modules/hexo-theme-next/languages/en.yml","hash":"814d81c27fed736055ee300e0a6505b26ff4313c","modified":1669107682768},{"_id":"node_modules/hexo-theme-next/languages/es.yml","hash":"b813da5aed9d73b809133db4dfb08f90ec56afd9","modified":1669107682790},{"_id":"node_modules/hexo-theme-next/languages/fa.yml","hash":"6456d40dd42f44101d9d6e7054e9884e9163f948","modified":1669107682807},{"_id":"node_modules/hexo-theme-next/languages/fr.yml","hash":"b15dc05afdc94de02e5d3fee4f8d3dc5594dd37e","modified":1669107682821},{"_id":"node_modules/hexo-theme-next/languages/id.yml","hash":"14e794db4eca36b257994d81eb513e61d1edcbd6","modified":1669107682823},{"_id":"node_modules/hexo-theme-next/languages/it.yml","hash":"c1eeab4992c76bfd436bb205ce58b1cfeef55ee6","modified":1669107682831},{"_id":"node_modules/hexo-theme-next/languages/ko.yml","hash":"819c19eb9d142e5411f77cf3821d90f740ee114a","modified":1669107682845},{"_id":"node_modules/hexo-theme-next/languages/ja.yml","hash":"d48c4157e0e02e847aac7b513580d3364c81948c","modified":1669107682838},{"_id":"node_modules/hexo-theme-next/languages/nl.yml","hash":"ecb8e39c6225f3c068a5fdd569ee7dafd5c41a1f","modified":1669107682849},{"_id":"node_modules/hexo-theme-next/languages/pt-BR.yml","hash":"a1f27b3a592fc58f17d247f5563ff4a90a3da5f2","modified":1669107682852},{"_id":"node_modules/hexo-theme-next/languages/pt.yml","hash":"63a3e1e728ba5e6e22150de7331bb8a654f34960","modified":1669107682856},{"_id":"node_modules/hexo-theme-next/languages/ru.yml","hash":"8c2b6361f2de17561c1a3eede2bf47b4e2ba6ce5","modified":1669107682862},{"_id":"node_modules/hexo-theme-next/languages/si.yml","hash":"615d18d044f44df476d6bfbf73f7b0edc2632168","modified":1669107682868},{"_id":"node_modules/hexo-theme-next/languages/tk.yml","hash":"519239e35c3bda7b62b00ff5d34644f45b16fe6a","modified":1669107682873},{"_id":"node_modules/hexo-theme-next/languages/tr.yml","hash":"0bebba73d6f06c7dad61f80c0d7ad5f6f1791a01","modified":1669107682876},{"_id":"node_modules/hexo-theme-next/languages/uk.yml","hash":"7dd24580c0865c5a7bc4d391855045366a598936","modified":1669107682884},{"_id":"node_modules/hexo-theme-next/languages/vi.yml","hash":"c669c34da544a563ceae3e196addc9df6a78e024","modified":1669107682888},{"_id":"node_modules/hexo-theme-next/languages/zh-CN.yml","hash":"5a3ab21210304efef736e96bad254f789f42c567","modified":1669107682898},{"_id":"node_modules/hexo-theme-next/languages/zh-HK.yml","hash":"f195bb0502ffe66e850077a1af1033455ea65f93","modified":1669107682907},{"_id":"node_modules/hexo-theme-next/languages/zh-TW.yml","hash":"92256b90028de9a1e79c6bc0e5885b93e7fb4b17","modified":1669107682923},{"_id":"node_modules/hexo-theme-next/layout/_layout.njk","hash":"c18a6e7c263312f642b6207295e62a02de8b4233","modified":1669117539212},{"_id":"node_modules/hexo-theme-next/layout/archive.njk","hash":"d759f4d2cf5ddc6875ea250113a00662c1caf6d1","modified":1669107682218},{"_id":"node_modules/hexo-theme-next/layout/category.njk","hash":"c68b7343d0f8145010f93351908cc36ef6212ec1","modified":1669107682238},{"_id":"node_modules/hexo-theme-next/layout/index.njk","hash":"dd63e488ae8cc144335a5958acedf6a16edd7a92","modified":1669107682291},{"_id":"node_modules/hexo-theme-next/layout/page.njk","hash":"6c40aa438c658eb7f0cd0f6a759f18b43e7e8f93","modified":1669107682324},{"_id":"node_modules/hexo-theme-next/layout/post.njk","hash":"6abeb85fb3e4c382ed4bb6049b12a807e6226e67","modified":1669107682353},{"_id":"node_modules/hexo-theme-next/layout/tag.njk","hash":"9e16ba20c28a7f2c6bc75aa427f48122301a30aa","modified":1669107682365},{"_id":"node_modules/hexo-theme-next/source/googlebc9677d5efb67f65.html","hash":"09ebb6041b6a6554e074dedb28e47a5dc56d2cd1","modified":1669190452849},{"_id":"node_modules/hexo-theme-next/source/sitemap.xml","hash":"6acb0f430dc8686a0b4d0b46cd6a4fcba193ad92","modified":1669190996504},{"_id":"node_modules/hexo-theme-next/docs/ru/README.md","hash":"6c82bfd2ec8248c248da701f091b548a7a133580","modified":1669107682096},{"_id":"node_modules/hexo-theme-next/docs/zh-CN/CODE_OF_CONDUCT.md","hash":"7a06d443f374bd1e84294067a0ac796afd9fbe60","modified":1669107682090},{"_id":"node_modules/hexo-theme-next/docs/zh-CN/CONTRIBUTING.md","hash":"a089f7a8368ab0b7d7b9b7ec0ac3767a453435df","modified":1669107682092},{"_id":"node_modules/hexo-theme-next/docs/zh-CN/README.md","hash":"ccf27b9249524b9fec1c15497b4353c8d1748c6c","modified":1669107682099},{"_id":"node_modules/hexo-theme-next/layout/_macro/post-collapse.njk","hash":"1a30d751871dabfa80940042ddb1f77d07d830b9","modified":1669107682331},{"_id":"node_modules/hexo-theme-next/layout/_macro/post.njk","hash":"434b3e76a040a816169e1929657e4176e7b8164c","modified":1669107682352},{"_id":"node_modules/hexo-theme-next/layout/_macro/sidebar.njk","hash":"eb786e8b35e354287cda345c524cd35ec955f692","modified":1669107682357},{"_id":"node_modules/hexo-theme-next/layout/_partials/comments.njk","hash":"d0c470b0f6690aa217e9ada848c5e2e73fb27c6f","modified":1669107682252},{"_id":"node_modules/hexo-theme-next/layout/_partials/footer.njk","hash":"e40a72d97cf044cf15569080d75fb1c937aa4c9c","modified":1669190079387},{"_id":"node_modules/hexo-theme-next/layout/_partials/languages.njk","hash":"e43f22198cccb5f6e306b1ce0d28d12a4fb891f8","modified":1669107682299},{"_id":"node_modules/hexo-theme-next/layout/_partials/pagination.njk","hash":"9876dbfc15713c7a47d4bcaa301f4757bd978269","modified":1669107682325},{"_id":"node_modules/hexo-theme-next/layout/_partials/widgets.njk","hash":"852a750524decf1efa587cd52b09e387ed8315de","modified":1669107682373},{"_id":"node_modules/hexo-theme-next/layout/_scripts/index.njk","hash":"6668878a0f9a1166c6a879755f54a08d942da870","modified":1669107682283},{"_id":"node_modules/hexo-theme-next/layout/_scripts/vendors.njk","hash":"be80b9fe415a9a09d74c28e230995fd292dfc123","modified":1669107682372},{"_id":"node_modules/hexo-theme-next/layout/_third-party/fancybox.njk","hash":"844559f46e2ff1c8be234d5763703106e2072a7b","modified":1669107682256},{"_id":"node_modules/hexo-theme-next/layout/_third-party/index.njk","hash":"d41eeb262978e34de4679d8971a9e7ac5d90ecbc","modified":1669107682286},{"_id":"node_modules/hexo-theme-next/layout/_third-party/pace.njk","hash":"d7ad5714079f7f65446f880baf14722435ca9061","modified":1669107682321},{"_id":"node_modules/hexo-theme-next/layout/_third-party/quicklink.njk","hash":"0efed71ed530447718c4ea5bbd5fc8695b0b0d5f","modified":1669107682354},{"_id":"node_modules/hexo-theme-next/layout/_third-party/rating.njk","hash":"1bcdbc7fde26d6d9ef4e7fa43ffcff5a9506b20e","modified":1669107682355},{"_id":"node_modules/hexo-theme-next/scripts/events/index.js","hash":"3ce10d4cce94e3d4c482c2e18bb6f0f0ca380d3d","modified":1669107681995},{"_id":"node_modules/hexo-theme-next/scripts/filters/default-injects.js","hash":"872f01cb10e422a648ea505436532e776e92926b","modified":1669107681965},{"_id":"node_modules/hexo-theme-next/scripts/filters/locals.js","hash":"9eb5310664759931287dd28ea39165dfb67f12ed","modified":1669107682017},{"_id":"node_modules/hexo-theme-next/scripts/filters/minify.js","hash":"f160e39943e39d7276da86adb47c3f08e5f22c7a","modified":1669107682025},{"_id":"node_modules/hexo-theme-next/scripts/filters/post.js","hash":"30e03a1d4828259f82d46e64cbfe2955b6cff9a9","modified":1669107682059},{"_id":"node_modules/hexo-theme-next/scripts/helpers/engine.js","hash":"d292b78485e8e8055712b0ed6de7cf559c5fbdcd","modified":1669107681978},{"_id":"node_modules/hexo-theme-next/scripts/helpers/font.js","hash":"3394185a7f0393c16ce52c8028f90da3e9239c55","modified":1669107681984},{"_id":"node_modules/hexo-theme-next/scripts/helpers/navigation.js","hash":"78107021101553c3d23e89290f7530b60cf4aa86","modified":1669107682038},{"_id":"node_modules/hexo-theme-next/scripts/helpers/next-config.js","hash":"226fccbe9c93265e65a300e3cb4bf6f9065cfdd7","modified":1669107682043},{"_id":"node_modules/hexo-theme-next/scripts/helpers/next-url.js","hash":"a11b71ba0c5012e2cdcab31c15439156b215563e","modified":1669107682046},{"_id":"node_modules/hexo-theme-next/scripts/helpers/next-vendors.js","hash":"afdd6a188a74c188f0dd154fac70efd4080ca262","modified":1669107682048},{"_id":"node_modules/hexo-theme-next/scripts/tags/button.js","hash":"c6ad2ed544fbb25ecb5d820c36e76302504271b7","modified":1669107681939},{"_id":"node_modules/hexo-theme-next/scripts/tags/caniuse.js","hash":"935a311142a409c1896b3ae3f01fe7a9e2db1134","modified":1669107681941},{"_id":"node_modules/hexo-theme-next/scripts/tags/center-quote.js","hash":"92c19d796bdb3320df9caea59bf52df7a95d9da9","modified":1669107681944},{"_id":"node_modules/hexo-theme-next/scripts/tags/group-pictures.js","hash":"9ed799c329abf830f623689d7e136991256a24ca","modified":1669107681989},{"_id":"node_modules/hexo-theme-next/scripts/tags/index.js","hash":"17f9451ce1f10f78437f52218757d38d4e1591b0","modified":1669107681998},{"_id":"node_modules/hexo-theme-next/scripts/tags/label.js","hash":"8a73348186113bae0a51ea2f891c1bb882fab05a","modified":1669107682006},{"_id":"node_modules/hexo-theme-next/scripts/tags/link-grid.js","hash":"18a483c2d5afd701f6080ffdddf2d1321370336c","modified":1669107682011},{"_id":"node_modules/hexo-theme-next/scripts/tags/mermaid.js","hash":"4fb01ca650fa8b256b8d48f50dc1b18350bd3d6d","modified":1669107682021},{"_id":"node_modules/hexo-theme-next/scripts/tags/note.js","hash":"7b94ddb46b7d4b0fe815f2fbe4bd375f07f55363","modified":1669107682049},{"_id":"node_modules/hexo-theme-next/scripts/tags/pdf.js","hash":"344636b6fd7e27e8831c1e194039afc0d61931cd","modified":1669107682053},{"_id":"node_modules/hexo-theme-next/scripts/tags/tabs.js","hash":"0eabe51da40b4b13e16419c8fe02452d9a4fef73","modified":1669107682069},{"_id":"node_modules/hexo-theme-next/scripts/tags/video.js","hash":"2ee926448583be8f95af1f2884ae2c9c4830151d","modified":1669107682081},{"_id":"node_modules/hexo-theme-next/source/css/_colors.styl","hash":"3c6798c10cc220d83481cb3f3782e78558cee789","modified":1669107682387},{"_id":"node_modules/hexo-theme-next/source/css/_mixins.styl","hash":"32d31cb5a155681c19f5ad0bb56dcb08429f93ef","modified":1669107682405},{"_id":"node_modules/hexo-theme-next/source/css/main.styl","hash":"78ce791cc4ac95386cf6839ca72f5f7b51f86ee9","modified":1669107682481},{"_id":"node_modules/hexo-theme-next/source/css/noscript.styl","hash":"263eddabfae40e54c0591e7baa8403ade8cdd56d","modified":1669107682491},{"_id":"node_modules/hexo-theme-next/source/images/16.png","hash":"e531bf2e7f3ca9b54d13a00a715dc0a905deeabd","modified":1669113833920},{"_id":"node_modules/hexo-theme-next/source/images/128.png","hash":"2de013f224f689ada9daa155eb7b3413bd1ec29b","modified":1669113835359},{"_id":"node_modules/hexo-theme-next/source/images/32.png","hash":"4cc6bccaab95dd8a718e7174b686f55d2667de89","modified":1669113831713},{"_id":"node_modules/hexo-theme-next/source/images/apple-touch-icon-next.png","hash":"2959dbc97f31c80283e67104fe0854e2369e40aa","modified":1669107682374},{"_id":"node_modules/hexo-theme-next/source/images/arrow.svg","hash":"34d6a810b306fb14a912d5095ca33dab864f843c","modified":1669116524441},{"_id":"node_modules/hexo-theme-next/source/images/avatar.gif","hash":"2dbc3e2f2d624b2ca1afe6edc2ca17307f1950c8","modified":1669107681923},{"_id":"node_modules/hexo-theme-next/source/images/favicon-16x16-next.png","hash":"943a0d67a9cdf8c198109b28f9dbd42f761d11c3","modified":1669107682377},{"_id":"node_modules/hexo-theme-next/source/images/favicon-32x32-next.png","hash":"0749d7b24b0d2fae1c8eb7f671ad4646ee1894b1","modified":1669107682380},{"_id":"node_modules/hexo-theme-next/source/images/logo.svg","hash":"2cb74fd3ea2635e015eabc58a8d488aed6cf6417","modified":1669107682557},{"_id":"node_modules/hexo-theme-next/source/images/logo-algolia-nebula-blue-full.svg","hash":"b85e274207b1392782476a0430feac98db1e7da0","modified":1669107682556},{"_id":"node_modules/hexo-theme-next/source/js/bookmark.js","hash":"0f563ffbf05fad30e854e413ab17ff7164ab5a53","modified":1669107681935},{"_id":"node_modules/hexo-theme-next/source/js/comments-buttons.js","hash":"1a7344440321713426a0b2ab17e276b5bdf85ade","modified":1669107681955},{"_id":"node_modules/hexo-theme-next/source/js/comments.js","hash":"66ae2e26ea36a41b72c638ea8b220296638ae952","modified":1669107681955},{"_id":"node_modules/hexo-theme-next/source/js/config.js","hash":"4c4ebbe3b3f3841a26f9d5af6d0ba8bc6da01c54","modified":1669107681960},{"_id":"node_modules/hexo-theme-next/source/js/motion.js","hash":"f7c825cbff11885fa0dffa64824fd00e505d6a8d","modified":1669107682028},{"_id":"node_modules/hexo-theme-next/source/js/next-boot.js","hash":"da0f07f9eaaa83de70128b0feaea3fdadb90457a","modified":1669107682040},{"_id":"node_modules/hexo-theme-next/source/js/pjax.js","hash":"919f5281c4a04d11cfd94573ecf57b3dbabd3cc8","modified":1669107682056},{"_id":"node_modules/hexo-theme-next/source/js/schedule.js","hash":"a1333258726caf84f368a8f8454639c7dc1626bb","modified":1669107682066},{"_id":"node_modules/hexo-theme-next/source/js/utils.js","hash":"200088bfd042f5304b2a04befab0829148845e0e","modified":1669107682076},{"_id":"node_modules/hexo-theme-next/source/resume/index.html","hash":"9e22862fc340926707b792e74ed08ef21ebf2e9c","modified":1669173078137},{"_id":"node_modules/hexo-theme-next/layout/_partials/head/head-unique.njk","hash":"8da52a144060db1a0a088ccb2e6cc8376d1fce70","modified":1669107682273},{"_id":"node_modules/hexo-theme-next/layout/_partials/head/head.njk","hash":"5388b157bba4a40b9312f4a45c6678974ccf0837","modified":1669107682277},{"_id":"node_modules/hexo-theme-next/layout/_partials/header/brand.njk","hash":"aff4613756456be26415febc668860fdab8d33c5","modified":1669107682223},{"_id":"node_modules/hexo-theme-next/layout/_partials/header/index.njk","hash":"650de421a8ce4cf685428ffbe0087ff84cbd1356","modified":1669107682280},{"_id":"node_modules/hexo-theme-next/layout/_partials/header/menu-item.njk","hash":"41a8b0cc16f60fa085cb719d07216d86b6bc4bf8","modified":1669107682314},{"_id":"node_modules/hexo-theme-next/layout/_partials/header/menu.njk","hash":"ee6fc2f111572d3eeab0a2fecbb2d6b3e37ab26b","modified":1669107682315},{"_id":"node_modules/hexo-theme-next/layout/_partials/header/sub-menu.njk","hash":"06480d8ec5f0b87eafd47f082f07968d7282dd5c","modified":1669107682363},{"_id":"node_modules/hexo-theme-next/layout/_partials/page/breadcrumb.njk","hash":"89825e75cc45e9709fa6ba89883669eedaff6f46","modified":1669107682225},{"_id":"node_modules/hexo-theme-next/layout/_partials/page/categories.njk","hash":"17156d99941f28a225951ffdcfa9a115e20dc2d2","modified":1669107682232},{"_id":"node_modules/hexo-theme-next/layout/_partials/page/page-header.njk","hash":"7ed4f102a1825195cff8d7995bf9219f323a9034","modified":1669107682322},{"_id":"node_modules/hexo-theme-next/layout/_partials/page/schedule.njk","hash":"0f4bc8e257da60f77c0c1738607b2bde55810684","modified":1669107682356},{"_id":"node_modules/hexo-theme-next/layout/_partials/page/tags.njk","hash":"a18d1598e36cc72f2b0b24c3cc3c5990dfaa3254","modified":1669107682367},{"_id":"node_modules/hexo-theme-next/layout/_partials/post/post-copyright.njk","hash":"133942922e34abae9e4de7ea5591d77c0caa4b37","modified":1669107682336},{"_id":"node_modules/hexo-theme-next/layout/_partials/post/post-followme.njk","hash":"c1e33b4889f75acc490af3c8bde0ec56c518ff41","modified":1669107682340},{"_id":"node_modules/hexo-theme-next/layout/_partials/post/post-footer.njk","hash":"bde2c7356d9362972bde41cc206d5816f8ed714d","modified":1669107682344},{"_id":"node_modules/hexo-theme-next/layout/_partials/post/post-meta.njk","hash":"9fa47e4fb342811da590ee4adc91cf81118c0a39","modified":1669107682346},{"_id":"node_modules/hexo-theme-next/layout/_partials/post/post-related.njk","hash":"57eca76cfbbe9a65bc2a77f1deebf003ed335673","modified":1669107682348},{"_id":"node_modules/hexo-theme-next/layout/_partials/post/post-reward.njk","hash":"002b51d0cae3f2e2e008bdc58be90c728282de5b","modified":1669107682349},{"_id":"node_modules/hexo-theme-next/layout/_partials/search/algolia-search.njk","hash":"efb2b6f19df02ba5ae623a1f274fff52aed21e6f","modified":1669107682211},{"_id":"node_modules/hexo-theme-next/layout/_partials/search/index.njk","hash":"8f6f256ab3b351ffc80f1f3f1d9834e9a7cfac31","modified":1669107682281},{"_id":"node_modules/hexo-theme-next/layout/_partials/search/localsearch.njk","hash":"661f7acae43f0be694266323320f977d84119abe","modified":1669107682307},{"_id":"node_modules/hexo-theme-next/layout/_partials/sidebar/site-overview.njk","hash":"3d8591bb92df77ceb9d5b07bc76da1ca89e5bd76","modified":1669107682361},{"_id":"node_modules/hexo-theme-next/layout/_third-party/analytics/baidu-analytics.njk","hash":"6215309aee028dcb734452beec448c5afb6c63fc","modified":1669107682221},{"_id":"node_modules/hexo-theme-next/layout/_third-party/analytics/cloudflare.njk","hash":"a5b8297c2c383124dd6a56e256ecc0c0dcf489be","modified":1669107682250},{"_id":"node_modules/hexo-theme-next/layout/_third-party/analytics/google-analytics.njk","hash":"d89066ff53879693f023e540d59c86137172c529","modified":1669107682265},{"_id":"node_modules/hexo-theme-next/layout/_third-party/analytics/growingio.njk","hash":"8afaa772c390bd9d53a5cff9645ac3168334eb98","modified":1669107682269},{"_id":"node_modules/hexo-theme-next/layout/_third-party/analytics/matomo.njk","hash":"4e89648a8ec8194c5823064cbca39c938a799006","modified":1669107682313},{"_id":"node_modules/hexo-theme-next/layout/_third-party/analytics/index.njk","hash":"314805f0186e9f6208c845f0757fdb7891c540f6","modified":1669107682285},{"_id":"node_modules/hexo-theme-next/layout/_third-party/analytics/microsoft-clarity.njk","hash":"9dc00fcb0a05899f048eace9f9160b78956655d5","modified":1669107682320},{"_id":"node_modules/hexo-theme-next/layout/_third-party/chat/chatra.njk","hash":"d7263fca16d0278ccf1f6aa1c6df6902a6344a09","modified":1669107682248},{"_id":"node_modules/hexo-theme-next/layout/_third-party/chat/gitter.njk","hash":"f8cc14b7aa949999a1faaeb7855e2f20b59a386d","modified":1669107682264},{"_id":"node_modules/hexo-theme-next/layout/_third-party/chat/tidio.njk","hash":"02aab857c27fc103216029be991688b12a73a525","modified":1669107682370},{"_id":"node_modules/hexo-theme-next/layout/_third-party/comments/changyan.njk","hash":"d1c950f8fbdf85e7a3eae5463767a89e858e8220","modified":1669107682243},{"_id":"node_modules/hexo-theme-next/layout/_third-party/comments/disqus.njk","hash":"9375b19a89b7fa9474e558d085af5448d4c5c50c","modified":1669107682254},{"_id":"node_modules/hexo-theme-next/layout/_third-party/comments/disqusjs.njk","hash":"0749cb6902baecdfd01f779a2a2513f6d2f6a823","modified":1669107682255},{"_id":"node_modules/hexo-theme-next/layout/_third-party/comments/gitalk.njk","hash":"b63b7e2ede0d3e66e732fa1a06bda9b19e1e85d4","modified":1669107682262},{"_id":"node_modules/hexo-theme-next/layout/_third-party/comments/isso.njk","hash":"64cc3bdaf644fd32c0d0a247f29f5b6904da9af3","modified":1669107682293},{"_id":"node_modules/hexo-theme-next/layout/_third-party/comments/livere.njk","hash":"3b13b09fba84ec6000886890a6710736a2b8fafe","modified":1669107682302},{"_id":"node_modules/hexo-theme-next/layout/_third-party/comments/utterances.njk","hash":"5a94032bc3512a10ad4328fc19ec07b819a1d687","modified":1669107682371},{"_id":"node_modules/hexo-theme-next/layout/_third-party/math/index.njk","hash":"abf37fc55aa86702118e8fdf5bf2d389dd589aa0","modified":1669107682288},{"_id":"node_modules/hexo-theme-next/layout/_third-party/math/katex.njk","hash":"1ebf658690468ea197bdd0416eb7cfa4bd0b083a","modified":1669107682295},{"_id":"node_modules/hexo-theme-next/layout/_third-party/math/mathjax.njk","hash":"3677017fd4572b158311f5f5d870590ab25184e0","modified":1669107682311},{"_id":"node_modules/hexo-theme-next/layout/_third-party/search/algolia-search.njk","hash":"24ed76e0c72a25ac152820c750a05826a706b6f4","modified":1669107682215},{"_id":"node_modules/hexo-theme-next/layout/_third-party/search/localsearch.njk","hash":"e45ea3542cdc9ed7ec8447b5e6f35df4c5e82758","modified":1669107682309},{"_id":"node_modules/hexo-theme-next/layout/_third-party/statistics/index.njk","hash":"568ddf7955d11d93fb5e842b403a7ac8b1b7fdb1","modified":1669107682289},{"_id":"node_modules/hexo-theme-next/layout/_third-party/statistics/busuanzi-counter.njk","hash":"a4bc501da0f22f7e420f0ca47e83988ce90b1368","modified":1669107682230},{"_id":"node_modules/hexo-theme-next/layout/_third-party/statistics/firestore.njk","hash":"d32ebe94560fa95824478ebbff531bffc47b194d","modified":1669107682257},{"_id":"node_modules/hexo-theme-next/layout/_third-party/statistics/lean-analytics.njk","hash":"2446e748cdc102c78492216319ac02148db7daf6","modified":1669107682300},{"_id":"node_modules/hexo-theme-next/layout/_third-party/tags/mermaid.njk","hash":"099e031f52fb8e47b3af5b2684737efc9e643ee7","modified":1669107682319},{"_id":"node_modules/hexo-theme-next/scripts/events/lib/config.js","hash":"c8b59b404f5d2a0b3b5cd1a6c9a10af5f30e43b5","modified":1669107681958},{"_id":"node_modules/hexo-theme-next/layout/_third-party/tags/pdf.njk","hash":"2c81984cc4f5123103460442f6e046f5b6c97127","modified":1669107682327},{"_id":"node_modules/hexo-theme-next/scripts/events/lib/highlight.js","hash":"6aec7b2c38c50989a23bfaa0d560e75c7f553e12","modified":1669107681991},{"_id":"node_modules/hexo-theme-next/scripts/events/lib/vendors.js","hash":"64e4024376b51fe81be7ad80235abdf0a83853bd","modified":1669107682080},{"_id":"node_modules/hexo-theme-next/scripts/filters/comment/changyan.js","hash":"5798cfc8f63665031dd3e01debed051628cec319","modified":1669107681948},{"_id":"node_modules/hexo-theme-next/scripts/events/lib/injects.js","hash":"d987709267a1bc6e5014411e9983d7c49c102c16","modified":1669107682000},{"_id":"node_modules/hexo-theme-next/scripts/filters/comment/common.js","hash":"19a402a225c31edffc50f202a14e0d582d3db23e","modified":1669107681956},{"_id":"node_modules/hexo-theme-next/scripts/events/lib/utils.js","hash":"ec996d0673f766167c86df0966e9da1ae036e103","modified":1669107682074},{"_id":"node_modules/hexo-theme-next/scripts/filters/comment/default-config.js","hash":"93ee5f9109dad885dc38c49bcee630c10f9dce6e","modified":1669107681962},{"_id":"node_modules/hexo-theme-next/scripts/filters/comment/disqusjs.js","hash":"62faf6b0b0020066a0dec1f0123cf1fee3198e7e","modified":1669107681973},{"_id":"node_modules/hexo-theme-next/scripts/filters/comment/gitalk.js","hash":"7bb7dafdd7f6bca8464b54e17e552ce7f1714195","modified":1669107681986},{"_id":"node_modules/hexo-theme-next/scripts/filters/comment/disqus.js","hash":"7f71d6b271ba65ff333d5682e7575711d368c0d2","modified":1669107681968},{"_id":"node_modules/hexo-theme-next/scripts/filters/comment/isso.js","hash":"ff8b5b5145220a17d0ecd9508ba9bd2d3b2da47d","modified":1669107682002},{"_id":"node_modules/hexo-theme-next/scripts/filters/comment/utterances.js","hash":"d3bded697bc32dace689d2a6dfb6eb7514169d15","modified":1669107682077},{"_id":"node_modules/hexo-theme-next/source/css/_variables/Gemini.styl","hash":"96e0a7c2a65ce68215e17e369085b2ea2f1334f2","modified":1669107682446},{"_id":"node_modules/hexo-theme-next/source/css/_variables/Mist.styl","hash":"e1fbf169b9b6a194b518240cbd06ec3c48b83d61","modified":1669107682486},{"_id":"node_modules/hexo-theme-next/scripts/filters/comment/livere.js","hash":"5a07d8bb52bc1d51a624ca8db54be144566c306b","modified":1669107682013},{"_id":"node_modules/hexo-theme-next/source/css/_variables/Pisces.styl","hash":"c65536a128b9bc9dbe2fbb1b235a3cded2891002","modified":1669107682499},{"_id":"node_modules/hexo-theme-next/source/js/schemes/muse.js","hash":"9794bd4fc6a458322949d6a0ade89cd1026bc69f","modified":1669107682032},{"_id":"node_modules/hexo-theme-next/source/css/_variables/base.styl","hash":"ea7b1818b282196c92e4fbb131c6249b46ca33d2","modified":1669107682421},{"_id":"node_modules/hexo-theme-next/source/js/third-party/fancybox.js","hash":"c098d14e65dd170537134358d4b8359ad0539c2c","modified":1669107681980},{"_id":"node_modules/hexo-theme-next/scripts/events/lib/navigation.js","hash":"dd3562686d95a50375e6fd32e717ccb0d99c1e3d","modified":1669107682036},{"_id":"node_modules/hexo-theme-next/source/css/_variables/Muse.styl","hash":"e3be898f5ebcf435a26542653a9297ff2c71aeb0","modified":1669107682488},{"_id":"node_modules/hexo-theme-next/source/js/third-party/quicklink.js","hash":"eed02e6fced8e5a653077205d4d4d7834ca71472","modified":1669107682062},{"_id":"node_modules/hexo-theme-next/source/resume/.git/HEAD","hash":"acbaef275e46a7f14c1ef456fff2c8bbe8c84724","modified":1668939637505},{"_id":"node_modules/hexo-theme-next/source/resume/.git/COMMIT_EDITMSG","hash":"dd2e5db7d23703b3f16bdd96b0794cd5beaffce1","modified":1668941211173},{"_id":"node_modules/hexo-theme-next/source/js/third-party/pace.js","hash":"0ef04218b93561ba4d0ff420d556c3d90a756d32","modified":1669107682052},{"_id":"node_modules/hexo-theme-next/source/resume/.git/description","hash":"9635f1b7e12c045212819dd934d809ef07efa2f4","modified":1668939637497},{"_id":"node_modules/hexo-theme-next/source/resume/.git/config","hash":"48d965a2c0f27e2f1102c1059072a6467e692053","modified":1668941381743},{"_id":"node_modules/hexo-theme-next/source/resume/.git/index","hash":"4c9a933d5ead61c59bdca3060aaeb16d74e4a1dc","modified":1668941211170},{"_id":"node_modules/hexo-theme-next/source/resume/static/.DS_Store","hash":"1050441200b2d2d28d801e86aa3fa4a81e568cea","modified":1472744092000},{"_id":"node_modules/hexo-theme-next/source/css/_common/components/index.styl","hash":"fe1868f47681e00a33a96199302be85377282f63","modified":1669107682453},{"_id":"node_modules/hexo-theme-next/source/css/_common/components/reading-progress.styl","hash":"90a86045a33c1bae49fc2f6fa1e1b53170c7f77b","modified":1669107682515},{"_id":"node_modules/hexo-theme-next/source/js/third-party/rating.js","hash":"4e92c2d107ba47b47826829f9668030d5ea9bfb8","modified":1669107682064},{"_id":"node_modules/hexo-theme-next/source/css/_common/outline/index.styl","hash":"8e34df131830d4fa3725e4590a672ba1cf1903e5","modified":1669107682462},{"_id":"node_modules/hexo-theme-next/source/css/_common/outline/mobile.styl","hash":"64775c729512b30b144ab5ae9dc4a4dfd4e13f35","modified":1669107682488},{"_id":"node_modules/hexo-theme-next/source/css/_common/scaffolding/buttons.styl","hash":"a042571d85ff7265f799004239a45f36b716b8a6","modified":1669107682432},{"_id":"node_modules/hexo-theme-next/source/css/_common/scaffolding/index.styl","hash":"523fb7b653b87ae37fc91fc8813e4ffad87b0d7e","modified":1669107682469},{"_id":"node_modules/hexo-theme-next/source/css/_common/scaffolding/comments.styl","hash":"e4fecc889ba3317a64e9abba5842c79dff9b7827","modified":1669107682438},{"_id":"node_modules/hexo-theme-next/source/css/_common/scaffolding/base.styl","hash":"d0a7c99095f490b0d2ed6b1be43d435960798cec","modified":1669107682418},{"_id":"node_modules/hexo-theme-next/source/css/_common/components/back-to-top.styl","hash":"bab653bcf226311381e8411a0492202f1bf1fce9","modified":1669107682415},{"_id":"node_modules/hexo-theme-next/source/css/_common/scaffolding/normalize.styl","hash":"b56367ea676ea8e8783ea89cd4ab150c7da7a060","modified":1669107682489},{"_id":"node_modules/hexo-theme-next/source/css/_common/scaffolding/tables.styl","hash":"e840b23d33023e6d45e018f6e84b683dd56efd8d","modified":1669107682548},{"_id":"node_modules/hexo-theme-next/source/css/_schemes/Mist/_header.styl","hash":"4817e77577896ab5c0da434549917ee703a3f4cf","modified":1669107682389},{"_id":"node_modules/hexo-theme-next/source/css/_common/scaffolding/pagination.styl","hash":"b5c7782368889fa9fd93807d28ff2daf270e3703","modified":1669107682495},{"_id":"node_modules/hexo-theme-next/source/css/_schemes/Gemini/index.styl","hash":"fd49b521d67eaccc629f77b4e095cb7310327565","modified":1669107682471},{"_id":"node_modules/hexo-theme-next/source/css/_schemes/Mist/_layout.styl","hash":"5604ac1e161099a4d3e5657d53507268866dc717","modified":1669107682396},{"_id":"node_modules/hexo-theme-next/source/css/_schemes/Mist/_menu.styl","hash":"fb550935d374e0bdf1097fce187337dc05cad3e1","modified":1669107682402},{"_id":"node_modules/hexo-theme-next/source/css/_schemes/Mist/_posts-expand.styl","hash":"be6cf377ae8f4a01ee76f9b3014e74161d4d5d17","modified":1669107682406},{"_id":"node_modules/hexo-theme-next/source/css/_schemes/Muse/_header.styl","hash":"06080fd963c904d96c00eff098a284e337953013","modified":1669107682391},{"_id":"node_modules/hexo-theme-next/source/css/_schemes/Mist/index.styl","hash":"ab16a3dcdc0393b9b582ef59dcc13db9320e917c","modified":1669107682473},{"_id":"node_modules/hexo-theme-next/source/css/_schemes/Muse/_menu.styl","hash":"b7f48be3c43bfa393d62142544a5487a67871713","modified":1669107682403},{"_id":"node_modules/hexo-theme-next/source/css/_schemes/Muse/_layout.styl","hash":"82a29572dd90451f75358a2ee2522b87304a0bb8","modified":1669107682398},{"_id":"node_modules/hexo-theme-next/source/css/_schemes/Muse/_sidebar.styl","hash":"944364893bd7160d954c10ba931af641c91515a4","modified":1669107682408},{"_id":"node_modules/hexo-theme-next/source/css/_schemes/Muse/index.styl","hash":"6ad168288b213cec357e9b5a97674ff2ef3a910c","modified":1669107682474},{"_id":"node_modules/hexo-theme-next/source/css/_schemes/Pisces/_header.styl","hash":"b741ab96e73370711c63a6581159f2ea8b5bfa1b","modified":1669107682394},{"_id":"node_modules/hexo-theme-next/source/css/_schemes/Muse/_sub-menu.styl","hash":"c48ccd8d6651fe1a01faff8f01179456d39ba9b1","modified":1669107682411},{"_id":"node_modules/hexo-theme-next/source/css/_schemes/Pisces/_layout.styl","hash":"6eee86c8f0175d6c09e434053516cd8556f78d44","modified":1669107682399},{"_id":"node_modules/hexo-theme-next/source/css/_schemes/Pisces/_menu.styl","hash":"72dc825c50357402c342d62ab60fc0c478ab6bc1","modified":1669107682404},{"_id":"node_modules/hexo-theme-next/source/css/_schemes/Pisces/_sidebar.styl","hash":"d9141e6e14a56b5952488101e9a8388c2170e270","modified":1669107682410},{"_id":"node_modules/hexo-theme-next/source/css/_schemes/Pisces/_sub-menu.styl","hash":"778ed2ad5643b93970c95626b325defeb586733f","modified":1669107682413},{"_id":"node_modules/hexo-theme-next/source/css/_schemes/Pisces/index.styl","hash":"8000075b227749a7495eaf417cac6ccfbe441580","modified":1669107682476},{"_id":"node_modules/hexo-theme-next/source/js/third-party/analytics/google-analytics.js","hash":"59684383385059dc4f8a1ff85dbbeb703bcdbcb5","modified":1669107681989},{"_id":"node_modules/hexo-theme-next/source/js/third-party/analytics/baidu-analytics.js","hash":"f629acc46ff40c071ffd31b77d5c7616f0fdd778","modified":1669107681931},{"_id":"node_modules/hexo-theme-next/source/js/third-party/analytics/growingio.js","hash":"78dd3cf04082b7dbe6246e404b2aa8e726922402","modified":1669107681990},{"_id":"node_modules/hexo-theme-next/source/js/third-party/chat/chatra.js","hash":"c32180522788c10e51df1803aa6842ef0432ddc9","modified":1669107681954},{"_id":"node_modules/hexo-theme-next/source/js/third-party/analytics/matomo.js","hash":"c6a25b26a1443caa70b47fd3dfa282271574deb5","modified":1669107682020},{"_id":"node_modules/hexo-theme-next/source/js/third-party/chat/gitter.js","hash":"cc38c94125f90dadde11b5ebac7d8bf99a1a08a2","modified":1669107681988},{"_id":"node_modules/hexo-theme-next/source/js/third-party/comments/disqus.js","hash":"e1cc671b0d524864fd445e3ab4ade9ee6d07e565","modified":1669107681971},{"_id":"node_modules/hexo-theme-next/source/js/third-party/chat/tidio.js","hash":"b0079f6a4601e06ca6fe46e83a2f5af553e9bc3c","modified":1669107682072},{"_id":"node_modules/hexo-theme-next/source/js/third-party/comments/changyan.js","hash":"260d1a77d6a3bb33a579d3e4cca1997003e799b5","modified":1669107681951},{"_id":"node_modules/hexo-theme-next/source/js/third-party/comments/gitalk.js","hash":"0ec038cf83e8ec067534f16a54041e47a3c1e59a","modified":1669107681987},{"_id":"node_modules/hexo-theme-next/source/js/third-party/comments/disqusjs.js","hash":"33a82207a15aad9d1c8fb2251f9e3eba50452932","modified":1669107681974},{"_id":"node_modules/hexo-theme-next/source/js/third-party/comments/isso.js","hash":"753a873b6f566aff5ba77ca23f91b78eb880ca64","modified":1669107682003},{"_id":"node_modules/hexo-theme-next/source/css/_common/scaffolding/toggles.styl","hash":"572a41499391677d84b16d8dbd6a996a3d5ce041","modified":1669107682554},{"_id":"node_modules/hexo-theme-next/source/js/third-party/comments/livere.js","hash":"2247d88c934c765c43013337860774aaa99f0b31","modified":1669107682014},{"_id":"node_modules/hexo-theme-next/source/js/third-party/comments/utterances.js","hash":"f67f90eb03e284c82da2b8cf2f1e31801813c16d","modified":1669107682079},{"_id":"node_modules/hexo-theme-next/source/js/third-party/math/katex.js","hash":"83c54ee536e487a1031783443fe0cb63b1b4767e","modified":1669107682005},{"_id":"node_modules/hexo-theme-next/source/js/third-party/search/algolia-search.js","hash":"fdb7b7cef1a147d897e7f7cd8903b58368ec2062","modified":1669107681927},{"_id":"node_modules/hexo-theme-next/source/js/third-party/math/mathjax.js","hash":"5c749b9c1c3bb738122d0516211ecff6496d4907","modified":1669107682019},{"_id":"node_modules/hexo-theme-next/source/js/third-party/search/local-search.js","hash":"4536cb6d0a9bbaaa86fab3fa0101f6a3a3ec5a76","modified":1669107682015},{"_id":"node_modules/hexo-theme-next/source/js/third-party/statistics/firestore.js","hash":"6e0682bb42170d61b13b786295f45f9c785f8b73","modified":1669107681982},{"_id":"node_modules/hexo-theme-next/source/js/third-party/tags/mermaid.js","hash":"f27d817b0c2138dd3215b1f46af0753f60a008f3","modified":1669107682023},{"_id":"node_modules/hexo-theme-next/source/js/third-party/statistics/lean-analytics.js","hash":"835cbf54c49ef1327f47df70ff2636ad36b6f57d","modified":1669107682007},{"_id":"node_modules/hexo-theme-next/source/js/third-party/tags/pdf.js","hash":"af78c22f0e61c8c8aa8794e585e0d632c6d4fcb8","modified":1669107682054},{"_id":"node_modules/hexo-theme-next/source/resume/.git/hooks/applypatch-msg.sample","hash":"4de88eb95a5e93fd27e78b5fb3b5231a8d8917dd","modified":1668939637498},{"_id":"node_modules/hexo-theme-next/source/resume/.git/hooks/fsmonitor-watchman.sample","hash":"0ec0ec9ac11111433d17ea79e0ae8cec650dcfa4","modified":1668939637499},{"_id":"node_modules/hexo-theme-next/source/resume/.git/hooks/post-update.sample","hash":"b614c2f63da7dca9f1db2e7ade61ef30448fc96c","modified":1668939637499},{"_id":"node_modules/hexo-theme-next/source/resume/.git/hooks/commit-msg.sample","hash":"ee1ed5aad98a435f2020b6de35c173b75d9affac","modified":1668939637498},{"_id":"node_modules/hexo-theme-next/source/resume/.git/hooks/pre-applypatch.sample","hash":"f208287c1a92525de9f5462e905a9d31de1e2d75","modified":1668939637500},{"_id":"node_modules/hexo-theme-next/source/resume/.git/hooks/pre-commit.sample","hash":"a79d057388ee2c2fe6561d7697f1f5efcff96f23","modified":1668939637500},{"_id":"node_modules/hexo-theme-next/source/resume/.git/hooks/pre-push.sample","hash":"a599b773b930ca83dbc3a5c7c13059ac4a6eaedc","modified":1668939637501},{"_id":"node_modules/hexo-theme-next/source/resume/.git/hooks/pre-merge-commit.sample","hash":"04c64e58bc25c149482ed45dbd79e40effb89eb7","modified":1668939637500},{"_id":"node_modules/hexo-theme-next/source/resume/.git/hooks/pre-rebase.sample","hash":"288efdc0027db4cfd8b7c47c4aeddba09b6ded12","modified":1668939637501},{"_id":"node_modules/hexo-theme-next/source/resume/.git/hooks/pre-receive.sample","hash":"705a17d259e7896f0082fe2e9f2c0c3b127be5ac","modified":1668939637502},{"_id":"node_modules/hexo-theme-next/source/resume/.git/hooks/prepare-commit-msg.sample","hash":"2584806ba147152ae005cb675aa4f01d5d068456","modified":1668939637502},{"_id":"node_modules/hexo-theme-next/source/resume/.git/hooks/push-to-checkout.sample","hash":"508240328c8b55f8157c93c43bf5e291e5d2fbcb","modified":1668939637502},{"_id":"node_modules/hexo-theme-next/source/resume/.git/hooks/update.sample","hash":"730e6bd5225478bab6147b7a62a6e2ae21d40507","modified":1668939637503},{"_id":"node_modules/hexo-theme-next/source/resume/.git/info/exclude","hash":"c879df015d97615050afa7b9641e3352a1e701ac","modified":1668939637503},{"_id":"node_modules/hexo-theme-next/source/resume/.git/logs/HEAD","hash":"2583e774593655ac044c9226e8e61332e77f54b0","modified":1668941211179},{"_id":"node_modules/hexo-theme-next/source/resume/static/css/.DS_Store","hash":"94b2342f23396962f1d92e9b59ea9655a3374f28","modified":1472744107000},{"_id":"node_modules/hexo-theme-next/source/resume/static/css/style.css","hash":"701db7393601416c7d442556470a2cebc26d054e","modified":1668942502028},{"_id":"node_modules/hexo-theme-next/source/resume/static/fonts/.DS_Store","hash":"de0f9cf97cb1f25643ba5201dac4231bd484f870","modified":1472743973000},{"_id":"node_modules/hexo-theme-next/source/resume/static/fonts/demo.css","hash":"49984732f03976f4ecff88283aeac3143a484419","modified":1668942502029},{"_id":"node_modules/hexo-theme-next/source/resume/static/fonts/demo.html","hash":"d2b6160f8583041ebbcd139aae626af2a1aec801","modified":1668942502033},{"_id":"node_modules/hexo-theme-next/source/resume/static/fonts/iconfont.css","hash":"2a91b6d9b4493a31aa8525644f17a16c28585aa7","modified":1668942502034},{"_id":"node_modules/hexo-theme-next/source/resume/static/fonts/iconfont.svg","hash":"a97f3a46fa54a5fd8139a38db6f2878e3c637ddd","modified":1668942502035},{"_id":"node_modules/hexo-theme-next/source/resume/static/fonts/iconfont.eot","hash":"f5d0ba07443c5d30969366f395e027ebc1b30131","modified":1668942502035},{"_id":"node_modules/hexo-theme-next/source/resume/static/fonts/iconfont.ttf","hash":"20725ceca5ef3360823981790e73c49cd45dd06f","modified":1668942502037},{"_id":"node_modules/hexo-theme-next/source/resume/static/fonts/iconfont.woff","hash":"a6458d08ef5be4a2435c0b583bf66160fb5920b6","modified":1668942502037},{"_id":"node_modules/hexo-theme-next/source/resume/static/image/.DS_Store","hash":"5af6c31067a377234d1bf2329090dd1d5eb6b5dd","modified":1472743973000},{"_id":"node_modules/hexo-theme-next/source/resume/static/image/weixin.png","hash":"51a672d9ffd91c8501f1dbbb5897d3226ac4c819","modified":1668942502042},{"_id":"node_modules/hexo-theme-next/source/resume/static/js/.DS_Store","hash":"de4b835a839057e6644d64c7c7b56825d73fccc5","modified":1472743973000},{"_id":"node_modules/hexo-theme-next/source/resume/static/js/modal.js","hash":"f76edd208752ae83210d5ffe8c8f3f7758aed68a","modified":1668942502043},{"_id":"node_modules/hexo-theme-next/source/resume/static/js/script.js","hash":"c74fc8b7f3bc42ff8a7ec9cfac7ed1a0fc0da40e","modified":1668942502044},{"_id":"node_modules/hexo-theme-next/source/css/_common/components/pages/breadcrumb.styl","hash":"8afdc311c6b8db121758371f95cf1c5e77354f42","modified":1669107682431},{"_id":"node_modules/hexo-theme-next/source/css/_common/components/pages/categories.styl","hash":"b6e2eb1550a7845cb2adf86081a4ab6c7bde1e68","modified":1669107682435},{"_id":"node_modules/hexo-theme-next/source/css/_common/components/pages/index.styl","hash":"7504dbc5c70262b048143b2c37d2b5aa2809afa2","modified":1669107682454},{"_id":"node_modules/hexo-theme-next/source/css/_common/components/pages/schedule.styl","hash":"6b816c2511242ee503fb5f34cd3e4dcdafc06b85","modified":1669107682519},{"_id":"node_modules/hexo-theme-next/source/css/_common/components/pages/tag-cloud.styl","hash":"1a81d1a71fcf0699629ce6e72dfd0a15f3a2dd0a","modified":1669107682552},{"_id":"node_modules/hexo-theme-next/source/css/_common/components/post/post-collapse.styl","hash":"ec37a36e94ba791663607a5022f763915778578f","modified":1669107682503},{"_id":"node_modules/hexo-theme-next/source/css/_common/components/post/index.styl","hash":"d0805a763176b3c0003967401644f41dfe3bc9e8","modified":1669107682455},{"_id":"node_modules/hexo-theme-next/source/css/_common/components/post/post-followme.styl","hash":"c81cb8793b207ac935244e1436d4d38efd1ac15b","modified":1669107682505},{"_id":"node_modules/hexo-theme-next/source/css/_common/components/post/post-footer.styl","hash":"1d284f3ea03ba9b4feb76b375e539a8e0bccf1c3","modified":1669107682506},{"_id":"node_modules/hexo-theme-next/source/css/_common/components/post/post-gallery.styl","hash":"aa366d37389760c8595529b850f461569577a1c5","modified":1669107682507},{"_id":"node_modules/hexo-theme-next/source/css/_common/components/post/post-header.styl","hash":"010c901e4ef49a606f8a350efbf09044e76d2ff3","modified":1669107682508},{"_id":"node_modules/hexo-theme-next/source/css/_common/components/post/post-nav.styl","hash":"9ac6f477177264c26a46e8333b8456720a0444dc","modified":1669107682512},{"_id":"node_modules/hexo-theme-next/source/css/_common/components/post/post-reward.styl","hash":"04cf4a69537fc14d3b8904f965d283356853847f","modified":1669107682514},{"_id":"node_modules/hexo-theme-next/source/css/_common/components/post/post-widgets.styl","hash":"b6677dc2a2368084ab82bb4f145ac79e5966c150","modified":1669107682515},{"_id":"node_modules/hexo-theme-next/source/css/_common/components/third-party/disqusjs.styl","hash":"c2326ee3e8b724d99c24a818ddee32813ea5bf89","modified":1669107682445},{"_id":"node_modules/hexo-theme-next/source/css/_common/components/post/post-body.styl","hash":"60b477448e0c1ee353d16f06bda8c3b7b15909df","modified":1669193051017},{"_id":"node_modules/hexo-theme-next/source/css/_common/components/third-party/gitter.styl","hash":"35104dc6883a61c31e0e368dac8ac2f697be62fe","modified":1669107682450},{"_id":"node_modules/hexo-theme-next/source/css/_common/components/third-party/gitalk.styl","hash":"8f094c4ac17e2ab45569b12d157747f9c7333c12","modified":1669107682447},{"_id":"node_modules/hexo-theme-next/source/css/_common/components/third-party/math.styl","hash":"9d995eb4871a6c273d9d51558676a1fdabf69e72","modified":1669107682482},{"_id":"node_modules/hexo-theme-next/source/css/_common/components/third-party/index.styl","hash":"979486a41a81f2a9fd8b0b87c4f87d6416c68c7d","modified":1669107682456},{"_id":"node_modules/hexo-theme-next/source/css/_common/components/third-party/related-posts.styl","hash":"41ed817e1eb64078074e245e771446ee041e5790","modified":1669107682517},{"_id":"node_modules/hexo-theme-next/source/css/_common/components/third-party/search.styl","hash":"e72799ce3f9b79753e365b2f8c8ef6c310668d4a","modified":1669107682520},{"_id":"node_modules/hexo-theme-next/source/css/_common/components/third-party/utterances.styl","hash":"56d90ae0559caa55b75f3c300ff2711f9ed65fc4","modified":1669107682555},{"_id":"node_modules/hexo-theme-next/source/css/_common/outline/footer/index.styl","hash":"8b9407e5cfd0571ef8de7df19022b268f962fa2f","modified":1669107682458},{"_id":"node_modules/hexo-theme-next/source/css/_common/outline/header/github-banner.styl","hash":"38c64c2d04e46848382bfa246a0e9c508294767b","modified":1669107682448},{"_id":"node_modules/hexo-theme-next/source/css/_common/outline/header/bookmark.styl","hash":"e74f4bb47a101b014ee2a1783c87f3b87323f9a0","modified":1669107682428},{"_id":"node_modules/hexo-theme-next/source/css/_common/outline/header/index.styl","hash":"ff642130354a0b3be0d708c43044ed4d710b5e83","modified":1669107682460},{"_id":"node_modules/hexo-theme-next/source/css/_common/outline/header/menu.styl","hash":"392fd53a8dd4e3f33a853ebb24290a622300e0ff","modified":1669107682483},{"_id":"node_modules/hexo-theme-next/source/css/_common/outline/header/site-meta.styl","hash":"759e582d34d08e3386c55d87a835a9523608619f","modified":1669107682540},{"_id":"node_modules/hexo-theme-next/source/css/_common/outline/header/site-nav.styl","hash":"bf3ad8b4268f763a1e26377681644887694bc009","modified":1669107682543},{"_id":"node_modules/hexo-theme-next/source/css/_common/outline/sidebar/index.styl","hash":"cee43480eba028c37d51cb620c2d81486aa24e01","modified":1669107682465},{"_id":"node_modules/hexo-theme-next/source/css/_common/outline/sidebar/sidebar-author-links.styl","hash":"52fc98b1435129eb3edb9293ced9e507741f1350","modified":1669107682521},{"_id":"node_modules/hexo-theme-next/source/css/_common/outline/sidebar/sidebar-author.styl","hash":"5b38ac4a0f1ade0e681aff0e3366c481d9cf3dcd","modified":1669107682523},{"_id":"node_modules/hexo-theme-next/source/css/_common/outline/sidebar/sidebar-blogroll.styl","hash":"9950c3188a28e1c63b5498b7bdcd14b12ace3e28","modified":1669107682525},{"_id":"node_modules/hexo-theme-next/source/css/_common/outline/sidebar/sidebar-button.styl","hash":"b926e368f702f8686aaa2eb98d3d2e533418958c","modified":1669107682527},{"_id":"node_modules/hexo-theme-next/source/css/_common/outline/sidebar/sidebar-dimmer.styl","hash":"fbdb63c6a8887d19b7137325ba7d6806f728139c","modified":1669107682529},{"_id":"node_modules/hexo-theme-next/source/css/_common/outline/sidebar/sidebar-nav.styl","hash":"ee94a1a27090ad24e3ed579093088d97ff96d77d","modified":1669107682532},{"_id":"node_modules/hexo-theme-next/source/css/_common/outline/sidebar/sidebar-toc.styl","hash":"021a37cf178440cc341940a299d3bca359996c6b","modified":1669107682537},{"_id":"node_modules/hexo-theme-next/source/css/_common/outline/sidebar/sidebar-toggle.styl","hash":"3103b81fc76b59e1e2c161e2c484625c770ed66f","modified":1669107682538},{"_id":"node_modules/hexo-theme-next/source/css/_common/outline/sidebar/site-state.styl","hash":"26dd0adfcb1db6df29c6090c8d7e9b5a43583fb0","modified":1669107682547},{"_id":"node_modules/hexo-theme-next/source/css/_common/scaffolding/highlight/copy-code.styl","hash":"670fc109b56a010b166b86b616823a1aae97a738","modified":1669107682440},{"_id":"node_modules/hexo-theme-next/source/css/_common/scaffolding/highlight/index.styl","hash":"9056be572ec1cfa429abb22be4b45a662d5b0fb1","modified":1669107682467},{"_id":"node_modules/hexo-theme-next/source/css/_common/scaffolding/tags/blockquote-center.styl","hash":"d6418fd2bbfba7b73ddf11ec62db9637fdf5d8af","modified":1669107682424},{"_id":"node_modules/hexo-theme-next/source/css/_common/scaffolding/tags/group-pictures.styl","hash":"393ff96234e4196b569d4b11496774eb78e147de","modified":1669107682452},{"_id":"node_modules/hexo-theme-next/source/css/_common/scaffolding/tags/index.styl","hash":"3f76c73a891bbc10679753e702feba9e8a5ffdd2","modified":1669107682470},{"_id":"node_modules/hexo-theme-next/source/css/_common/scaffolding/tags/label.styl","hash":"debee14539272fbe3835a7d3853af2230baa3501","modified":1669107682479},{"_id":"node_modules/hexo-theme-next/source/css/_common/scaffolding/tags/link-grid.styl","hash":"7f8a7345e6537a62cd9e9a94c8f7065b541d9b04","modified":1669107682480},{"_id":"node_modules/hexo-theme-next/source/css/_common/scaffolding/tags/mermaid.styl","hash":"48d35dba575a7c9e8845b16652e76b7d4a4646de","modified":1669107682485},{"_id":"node_modules/hexo-theme-next/source/css/_common/scaffolding/tags/note.styl","hash":"d27fbf7799695295dd5860a161a13ac4d90c5ba4","modified":1669107682492},{"_id":"node_modules/hexo-theme-next/source/css/_common/scaffolding/tags/pdf.styl","hash":"b6654a1d7cf82577d8263faffee8af3ad4a5c0e8","modified":1669107682497},{"_id":"node_modules/hexo-theme-next/source/css/_common/scaffolding/tags/tabs.styl","hash":"7a39bcce7274284e87388743db62afc847fe6897","modified":1669107682549},{"_id":"node_modules/hexo-theme-next/source/resume/.git/objects/02/5e8af4408f0714bbf8a8551b5d3fca379cabe9","hash":"2b31e09fe89c3911a1f7179da9c22cff7e6a5907","modified":1668941211169},{"_id":"node_modules/hexo-theme-next/source/resume/.git/objects/08/3f529583dd3949c4b43ec5031d78fc7ba85007","hash":"cb79b5ad2dfb73eec81a736749526b56957e61a7","modified":1668941184833},{"_id":"node_modules/hexo-theme-next/source/resume/.git/objects/0e/6f3f91b90596627b40b30473ff2478285a29aa","hash":"5b0bd2c4c6795c2bf16ae9b8fcdd3ffb00221365","modified":1668941211161},{"_id":"node_modules/hexo-theme-next/source/resume/.git/objects/11/d06b82d4b595ba4bfedd153fb986a9e3717849","hash":"7752f525e8ff48917d0caaa8c4937325702984f4","modified":1668941184811},{"_id":"node_modules/hexo-theme-next/source/resume/.git/objects/1f/e4c4dd4e251d4d51cc08d2ae930a35e5d3cb04","hash":"c2f1411d3da6a34f481777f25d892a09ed134063","modified":1668941184805},{"_id":"node_modules/hexo-theme-next/source/resume/.git/objects/18/92c1c48bc69270122b9a32016e4d4009d0ddfa","hash":"a898a25283dc35045a3e441f3e504d65b2c10693","modified":1668941184802},{"_id":"node_modules/hexo-theme-next/source/resume/.git/objects/21/e0d0ad381dddb0d61ef0c728e757a439488a1e","hash":"a27afe27449715091226e5a94b46e4d9b290c0df","modified":1668941211164},{"_id":"node_modules/hexo-theme-next/source/resume/.git/objects/40/3bd0d8bce5aa00097bab5689f45cd1bfe8a06d","hash":"67a8b751babf86e232f533a10ebff9024bd1e237","modified":1668941184816},{"_id":"node_modules/hexo-theme-next/source/resume/.git/objects/5b/205f5e0a4ed58ee9559db039c8b38a2b267650","hash":"fadac9c84a265e95ceaca50981a9f72710ddf2c2","modified":1668941184841},{"_id":"node_modules/hexo-theme-next/source/resume/.git/objects/5c/9d6a069157e942c0d9abe70a27fa3e13a9b49d","hash":"f4a297d22d2f102d65ff02dfa51c1524ad3aeded","modified":1668941184823},{"_id":"node_modules/hexo-theme-next/source/resume/.git/objects/63/ee1c70d4e0d5ac4849dfce7becb76c1ed1c232","hash":"5a1d26ef5a72e74d3b29b1a2780f30d8efc3e9b1","modified":1668941184819},{"_id":"node_modules/hexo-theme-next/source/resume/.git/objects/8a/a045503f0ce4d3de5d6cfb7b2583032686b908","hash":"020191b26f746e81e6d08d08951f2666bdaf76d7","modified":1668941211175},{"_id":"node_modules/hexo-theme-next/source/resume/.git/objects/8b/667d3e246072ca7fe94fe01d72adc39f0b67ae","hash":"0a0e6ec11be5ab5a372eaf99b7dd5a1991cac45a","modified":1668941184821},{"_id":"node_modules/hexo-theme-next/source/resume/.git/objects/93/da8cea40a337d6bda2927bff55cad85f9e6f81","hash":"d869da0047574d8399b2cb3c2acec7fd793352f3","modified":1668941184794},{"_id":"node_modules/hexo-theme-next/source/resume/.git/objects/95/c213ce2d90b1b425145275b459042c5308cdd6","hash":"975851579a70de3b8fa58e25f9407a66bee1dbb2","modified":1668941184808},{"_id":"node_modules/hexo-theme-next/source/resume/.git/objects/be/2315afba901cca701e4e2958cd9fec1ff5325e","hash":"5ecdd8773f6be6d13c72877f093f50106783bb4e","modified":1668941184839},{"_id":"node_modules/hexo-theme-next/source/resume/.git/objects/c8/32535cfdfb530d9888d91959c678d39e8ddc76","hash":"b3625b6b3f7714c6afc614d3770fd173635533af","modified":1668941184836},{"_id":"node_modules/hexo-theme-next/source/resume/.git/objects/df/fbb3473f623d3b1a217dfe693e120683d7ff04","hash":"fbf3eacdfa773606e0218ea4db1a91f70841c4b0","modified":1668941184778},{"_id":"node_modules/hexo-theme-next/source/resume/.git/objects/ce/0ebe79e5ef3e32bb4d7db7831eafd536fe11ac","hash":"1756fd4511ba56436e540dfb1845a0072b60f581","modified":1668941211166},{"_id":"node_modules/hexo-theme-next/source/resume/.git/objects/e0/fd6616aa9b7a73bd6da373276cc773ef8e4f53","hash":"112bed2d154f5a76f73f1568d35c088e7b2fe508","modified":1668941211168},{"_id":"node_modules/hexo-theme-next/source/resume/.git/objects/f1/ee73fbd1c627362d1e5ba3f55e23ee7c3f2876","hash":"6dd6c956e0cf3ee26d895423c945453e24913a8b","modified":1668941184791},{"_id":"node_modules/hexo-theme-next/source/resume/.git/objects/f4/50364350c3967f9ef90c9a6d26566c50c6730d","hash":"5a5db466928ab0a1b91050bad0fba82198df123c","modified":1668941184798},{"_id":"node_modules/hexo-theme-next/source/resume/.git/objects/f7/dce9384feae6e09c73f078dba851b80e4b2bd7","hash":"bee787b4447227699f4e8df3795521cb9d51b57a","modified":1668941211162},{"_id":"node_modules/hexo-theme-next/source/resume/.git/objects/f8/d5028644d8a97f566b13bcabacb877c2d0c78d","hash":"ef8c411c82dfe60e6b0c6b7a08ecde6d81070373","modified":1668941184814},{"_id":"node_modules/hexo-theme-next/source/resume/.git/refs/heads/master","hash":"3c45c2e796a3cdb0c0442d5bbd1322dbead5deab","modified":1668941211178},{"_id":"node_modules/hexo-theme-next/source/resume/.git/logs/refs/heads/master","hash":"2583e774593655ac044c9226e8e61332e77f54b0","modified":1668941211179},{"_id":"node_modules/hexo-theme-next/source/resume/.git/refs/remotes/origin/master","hash":"3c45c2e796a3cdb0c0442d5bbd1322dbead5deab","modified":1668941381758},{"_id":"node_modules/hexo-theme-next/source/resume/.git/logs/refs/remotes/origin/master","hash":"28f3125601e7d16d5aa2f6196cbd402319a3f2e2","modified":1668941381759},{"_id":"node_modules/hexo-theme-next/source/images/wechatpay.png","hash":"ff7329427417033c7a237859a0b0daf28b53e536","modified":1668933571430},{"_id":"node_modules/hexo-theme-next/source/resume/static/image/bg.jpg","hash":"341a34f608e99af918a35dbc8ea50c38da2696e1","modified":1668942502041},{"_id":"node_modules/hexo-theme-next/source/resume/.git/objects/36/890b3283e232c6c72158004eef04d201c35525","hash":"39463d80de6b1eb5281f544826c2334b78747aa4","modified":1668941184831},{"_id":"node_modules/hexo-theme-next/source/images/alipay.png","hash":"15dd1015e65c1691516ec96f195e928bd443e24b","modified":1668933571491},{"_id":"public/archives/index.html","hash":"ba86f154b2e9ec9cbd252de1e7c8d651e7e413fa","modified":1669193121504},{"_id":"public/archives/2022/index.html","hash":"a0b9fcb83441a2e7f83a8561ef0a4d62010aa5bf","modified":1669193121504},{"_id":"public/archives/2022/11/index.html","hash":"32ec3755b2e11f4b6b0dcb5d69f4b58b52c30cd5","modified":1669193121504},{"_id":"public/2022/11/22/Hello-blog/index.html","hash":"1a099d0d12985ddb11f394c9aae2d9eaf2fd0f5c","modified":1669193121504},{"_id":"public/index.html","hash":"32ba8ecf1324db994d1d94a7f56add529fd278d0","modified":1669193121504},{"_id":"public/CNAME","hash":"0a6df8f6b98865546fe3583330f9f5e46edb0ace","modified":1669193121504},{"_id":"public/sitemap.xml","hash":"6acb0f430dc8686a0b4d0b46cd6a4fcba193ad92","modified":1669193121504},{"_id":"public/images/128.png","hash":"2de013f224f689ada9daa155eb7b3413bd1ec29b","modified":1669193121504},{"_id":"public/images/16.png","hash":"e531bf2e7f3ca9b54d13a00a715dc0a905deeabd","modified":1669193121504},{"_id":"public/images/32.png","hash":"4cc6bccaab95dd8a718e7174b686f55d2667de89","modified":1669193121504},{"_id":"public/images/apple-touch-icon-next.png","hash":"2959dbc97f31c80283e67104fe0854e2369e40aa","modified":1669193121504},{"_id":"public/images/arrow.svg","hash":"34d6a810b306fb14a912d5095ca33dab864f843c","modified":1669193121504},{"_id":"public/images/avatar.gif","hash":"2dbc3e2f2d624b2ca1afe6edc2ca17307f1950c8","modified":1669193121504},{"_id":"public/images/favicon-16x16-next.png","hash":"943a0d67a9cdf8c198109b28f9dbd42f761d11c3","modified":1669193121504},{"_id":"public/images/favicon-32x32-next.png","hash":"0749d7b24b0d2fae1c8eb7f671ad4646ee1894b1","modified":1669193121504},{"_id":"public/images/logo.svg","hash":"2cb74fd3ea2635e015eabc58a8d488aed6cf6417","modified":1669193121504},{"_id":"public/resume/static/fonts/iconfont.eot","hash":"f5d0ba07443c5d30969366f395e027ebc1b30131","modified":1669193121504},{"_id":"public/resume/static/fonts/iconfont.svg","hash":"a97f3a46fa54a5fd8139a38db6f2878e3c637ddd","modified":1669193121504},{"_id":"public/resume/static/fonts/iconfont.ttf","hash":"20725ceca5ef3360823981790e73c49cd45dd06f","modified":1669193121504},{"_id":"public/resume/static/fonts/iconfont.woff","hash":"a6458d08ef5be4a2435c0b583bf66160fb5920b6","modified":1669193121504},{"_id":"public/resume/static/image/weixin.png","hash":"51a672d9ffd91c8501f1dbbb5897d3226ac4c819","modified":1669193121504},{"_id":"public/googlebc9677d5efb67f65.html","hash":"09ebb6041b6a6554e074dedb28e47a5dc56d2cd1","modified":1669193121504},{"_id":"public/css/noscript.css","hash":"ec89b3425fbce20863d554c6fd495ea29c3c303d","modified":1669193121504},{"_id":"public/js/comments.js","hash":"66ae2e26ea36a41b72c638ea8b220296638ae952","modified":1669193121504},{"_id":"public/js/config.js","hash":"4c4ebbe3b3f3841a26f9d5af6d0ba8bc6da01c54","modified":1669193121504},{"_id":"public/js/motion.js","hash":"f7c825cbff11885fa0dffa64824fd00e505d6a8d","modified":1669193121504},{"_id":"public/js/next-boot.js","hash":"da0f07f9eaaa83de70128b0feaea3fdadb90457a","modified":1669193121504},{"_id":"public/js/utils.js","hash":"200088bfd042f5304b2a04befab0829148845e0e","modified":1669193121504},{"_id":"public/js/third-party/analytics/matomo.js","hash":"c6a25b26a1443caa70b47fd3dfa282271574deb5","modified":1669193121504},{"_id":"public/resume/static/css/style.css","hash":"88f172229c07a4f4bbc2d0f0f0c6db0c638b7e82","modified":1669193121504},{"_id":"public/resume/static/fonts/demo.css","hash":"40916e7c71130fa52282f396abc767248eafb3de","modified":1669193121504},{"_id":"public/resume/static/fonts/demo.html","hash":"a7fdb6a1ce43576dfda3764655302d71a4279de6","modified":1669193121504},{"_id":"public/resume/static/fonts/iconfont.css","hash":"151f49d080ebe0769571d52a286c986e4e1a4633","modified":1669193121504},{"_id":"public/resume/static/js/script.js","hash":"93b5d880c6e3facf96a6fd1a89356625144b7f2f","modified":1669193121504},{"_id":"public/resume/static/js/modal.js","hash":"89285718a8a8432d45400d7a7744706506aba127","modified":1669193121504},{"_id":"public/css/main.css","hash":"fd69246aed61251a766df91078c07be6ac37bff8","modified":1669193121504},{"_id":"public/resume/index.html","hash":"509b0ecfa3b026dc2c98b343de44f23bc7eba153","modified":1669193121504},{"_id":"public/images/wechatpay.png","hash":"ff7329427417033c7a237859a0b0daf28b53e536","modified":1669193121504},{"_id":"public/resume/static/image/bg.jpg","hash":"341a34f608e99af918a35dbc8ea50c38da2696e1","modified":1669193121504},{"_id":"public/images/alipay.png","hash":"15dd1015e65c1691516ec96f195e928bd443e24b","modified":1669193121504}],"Category":[],"Data":[],"Page":[],"Post":[{"title":"Hello Blog! 从零开始搭建自己的博客网站","date":"2022-11-22T11:36:45.000Z","_content":"第一篇博客用来记录搭建该网站并成功发表这篇博客的流程，使用Hexo静态博客框架，托管于Github，参考了多篇文章[^1]。\n\n<img decoding=\"async\" src=\"https://s2.loli.net/2022/11/20/LG4pSfyvVZ6iBWc.jpg\" width=100>\n\n## 总体流程\n其中主流程参考[知乎：GitHub+Hexo 搭建个人网站详细教程](https://zhuanlan.zhihu.com/p/26625249)，虽然是17年的老文章，但每一步都非常详细，框架搭建过程存在问题可以看文章的评论区或[Hexo官方文档](https://hexo.io/zh-cn/docs/)进行补充；\n\n域名在[阿里云](https://dc.console.aliyun.com/next/index?spm=5176.12818093.ProductAndResource--ali--widget-product-recent.dre1.265516d0P13nxv&accounttraceid=b4a1b2c1dcab4588a55aa2f5926041aazltv#/overview)购买,买的 *wangyujie.site* 首年6元，这也是唯一的开销，如果愿意使用原网站 *<arrowes.github.io>* ,这一步甚至可以省略；\n\n选用了Next主题，主题优化参考了[Next主题官方文档](http://theme-next.iissnan.com/getting-started.html)以及[知乎：hexo的next主题个性化教程:打造炫酷网站](https://zhuanlan.zhihu.com/p/28128674)（其中访问量、统计功能教程已过期），可以把网站搭建的花里胡哨；\n\n编写博客使用的Markdown语言通过看[菜鸟教程：Markdown 教程](https://www.runoob.com/markdown/md-tutorial.html)非常简单，可以边学边写；\n\n其他工具有：logo下载：[iconfont](https://www.iconfont.cn/)，Next默认的icon网站（灰色为收费图标）：[Font Awesome](https://fontawesome.com/icons)，图床url链接生成：[SM.MS](https://sm.ms/)，此外，大多数网站需要用到~~科学上网~~。\n\nGithub网站项目地址：[Arrowes.github.io](https://github.com/Arrowes/Arrowes.github.io)\n\n用关键词在谷歌里搜到自己的网页：[让Google搜索到自己的博客](https://zoharandroid.github.io/2019-08-03-%E8%AE%A9%E8%B0%B7%E6%AD%8C%E6%90%9C%E7%B4%A2%E5%88%B0%E8%87%AA%E5%B7%B1%E7%9A%84%E5%8D%9A%E5%AE%A2/)\n\n## 网站配置\n##### hexo 添加自定义单静态页面 跳过hexo渲染，以resume为例:\n1. 将resume文件夹放进Theme主题文件夹下的/source\n2. Hexo-config: skip_render: resume/** （可省略）\n\n##### 添加动态背景，以动态线条为例：\n1. themes/next/layout/_layout 在</body>末尾添加如下代码：\n     ```html\n     {% if theme.canvas_nest %}\n     <script type=\"text/javascript\" src=\"//cdn.bootcss.com/canvas-nest.js/1.0.0/canvas-nest.min.js\"></script>\n     {% endif %}\n     ```\n2. /next/_config.yml,在里面添加如下代码：(可以放在最后面)\n     ```html\n     #是否打开动态背景\n     canvas_nest: true\n     ```\n\n##### 统计功能\n打开themes\\next\\layout\\_partial\\footer.swig文件，在文件末尾添加：\n```html\n<div class=\"theme-info\">\n  <div class=\"powered-by\"></div>\n  <script async src=\"//busuanzi.ibruce.info/busuanzi/2.3/busuanzi.pure.mini.js\"></script>\n  <span class=\"post-count\">全站共{{ totalcount(site) }}字</span> | 访问量<span id=\"busuanzi_value_site_pv\"></span>次\n</div>\n```\n##### 配置网站超链接颜色\n打开 `Blog\\themes\\next\\source\\css\\_common\\components\\post` 路径下的post.styl , 并在底部添加如下代码:\n```html\na:not(.btn){\n  color: #90EE90; //超链接显示颜色\n  border-bottom: none;\n  &:hover {\n\tcolor: #00FA9A;  //鼠标移动上去后超链接颜色\n\tfont-weight: bold;\n\ttext-decoration: underline;\n\t}\n  }\n```\n\n\n## 常用[Hexo指令](https://hexo.io/zh-cn/docs/commands)\n`hexo init [folder]` 新建一个网站\n`hexo new \"title\"` 新建一篇文章\n`hexo clean` 清除缓存文件 (db.json) 和已生成的静态文件 (public)\n`hexo g` 生成静态文件\n`hexo s` 生成本地预览 <localhost:4000>\n`hexo d` 部署网站\n\n`hexo clean && hexo g && hexo s` 快速预览\n`hexo clean && hexo g && hexo d` 快速部署\n\n## Bug\n√ 网站底部的图标不显示:Font Awesome部分图标收费\n√ 访客数、文章字数没有数据：busuanzi链接过期\n部署经常超时 error：spawn failed，参考的[方法](https://blog.csdn.net/HTL2018/article/details/106876940)存疑\n\n## 总结\n熟悉了搭建网站流程，想起本科打电子商务比赛花钱请人做网站，还是本地的静态网站，有点冤种；\n对Github的工作流有了一定了解，比一键**Download ZIP**有所进步；\n看了很多人写的教程才完成，花了整整两天，还是有点费时间的，除了瞎折腾，更多的其实是想搭建一个**输出**的平台，锻炼一下自己的表达、总结能力，改善一下自己学了就忘，忘了就废的情况，希望自己能继续坚持，多写几篇！\n\n\n\n[^1]:> [知乎：GitHub+Hexo 搭建个人网站详细教程](https://zhuanlan.zhihu.com/p/26625249)\n     [Hexo官方文档](https://hexo.io/zh-cn/docs/)\n     [Next主题官方文档](http://theme-next.iissnan.com/getting-started.html)\n     [知乎：hexo的next主题个性化教程:打造炫酷网站](https://zhuanlan.zhihu.com/p/28128674)\n     [菜鸟教程：Markdown 教程](https://www.runoob.com/markdown/md-tutorial.html)","source":"_posts/Hello-blog.md","raw":"---\ntitle: Hello Blog! 从零开始搭建自己的博客网站\ndate: 2022-11-22 19:36:45\ntags:\n---\n第一篇博客用来记录搭建该网站并成功发表这篇博客的流程，使用Hexo静态博客框架，托管于Github，参考了多篇文章[^1]。\n\n<img decoding=\"async\" src=\"https://s2.loli.net/2022/11/20/LG4pSfyvVZ6iBWc.jpg\" width=100>\n\n## 总体流程\n其中主流程参考[知乎：GitHub+Hexo 搭建个人网站详细教程](https://zhuanlan.zhihu.com/p/26625249)，虽然是17年的老文章，但每一步都非常详细，框架搭建过程存在问题可以看文章的评论区或[Hexo官方文档](https://hexo.io/zh-cn/docs/)进行补充；\n\n域名在[阿里云](https://dc.console.aliyun.com/next/index?spm=5176.12818093.ProductAndResource--ali--widget-product-recent.dre1.265516d0P13nxv&accounttraceid=b4a1b2c1dcab4588a55aa2f5926041aazltv#/overview)购买,买的 *wangyujie.site* 首年6元，这也是唯一的开销，如果愿意使用原网站 *<arrowes.github.io>* ,这一步甚至可以省略；\n\n选用了Next主题，主题优化参考了[Next主题官方文档](http://theme-next.iissnan.com/getting-started.html)以及[知乎：hexo的next主题个性化教程:打造炫酷网站](https://zhuanlan.zhihu.com/p/28128674)（其中访问量、统计功能教程已过期），可以把网站搭建的花里胡哨；\n\n编写博客使用的Markdown语言通过看[菜鸟教程：Markdown 教程](https://www.runoob.com/markdown/md-tutorial.html)非常简单，可以边学边写；\n\n其他工具有：logo下载：[iconfont](https://www.iconfont.cn/)，Next默认的icon网站（灰色为收费图标）：[Font Awesome](https://fontawesome.com/icons)，图床url链接生成：[SM.MS](https://sm.ms/)，此外，大多数网站需要用到~~科学上网~~。\n\nGithub网站项目地址：[Arrowes.github.io](https://github.com/Arrowes/Arrowes.github.io)\n\n用关键词在谷歌里搜到自己的网页：[让Google搜索到自己的博客](https://zoharandroid.github.io/2019-08-03-%E8%AE%A9%E8%B0%B7%E6%AD%8C%E6%90%9C%E7%B4%A2%E5%88%B0%E8%87%AA%E5%B7%B1%E7%9A%84%E5%8D%9A%E5%AE%A2/)\n\n## 网站配置\n##### hexo 添加自定义单静态页面 跳过hexo渲染，以resume为例:\n1. 将resume文件夹放进Theme主题文件夹下的/source\n2. Hexo-config: skip_render: resume/** （可省略）\n\n##### 添加动态背景，以动态线条为例：\n1. themes/next/layout/_layout 在</body>末尾添加如下代码：\n     ```html\n     {% if theme.canvas_nest %}\n     <script type=\"text/javascript\" src=\"//cdn.bootcss.com/canvas-nest.js/1.0.0/canvas-nest.min.js\"></script>\n     {% endif %}\n     ```\n2. /next/_config.yml,在里面添加如下代码：(可以放在最后面)\n     ```html\n     #是否打开动态背景\n     canvas_nest: true\n     ```\n\n##### 统计功能\n打开themes\\next\\layout\\_partial\\footer.swig文件，在文件末尾添加：\n```html\n<div class=\"theme-info\">\n  <div class=\"powered-by\"></div>\n  <script async src=\"//busuanzi.ibruce.info/busuanzi/2.3/busuanzi.pure.mini.js\"></script>\n  <span class=\"post-count\">全站共{{ totalcount(site) }}字</span> | 访问量<span id=\"busuanzi_value_site_pv\"></span>次\n</div>\n```\n##### 配置网站超链接颜色\n打开 `Blog\\themes\\next\\source\\css\\_common\\components\\post` 路径下的post.styl , 并在底部添加如下代码:\n```html\na:not(.btn){\n  color: #90EE90; //超链接显示颜色\n  border-bottom: none;\n  &:hover {\n\tcolor: #00FA9A;  //鼠标移动上去后超链接颜色\n\tfont-weight: bold;\n\ttext-decoration: underline;\n\t}\n  }\n```\n\n\n## 常用[Hexo指令](https://hexo.io/zh-cn/docs/commands)\n`hexo init [folder]` 新建一个网站\n`hexo new \"title\"` 新建一篇文章\n`hexo clean` 清除缓存文件 (db.json) 和已生成的静态文件 (public)\n`hexo g` 生成静态文件\n`hexo s` 生成本地预览 <localhost:4000>\n`hexo d` 部署网站\n\n`hexo clean && hexo g && hexo s` 快速预览\n`hexo clean && hexo g && hexo d` 快速部署\n\n## Bug\n√ 网站底部的图标不显示:Font Awesome部分图标收费\n√ 访客数、文章字数没有数据：busuanzi链接过期\n部署经常超时 error：spawn failed，参考的[方法](https://blog.csdn.net/HTL2018/article/details/106876940)存疑\n\n## 总结\n熟悉了搭建网站流程，想起本科打电子商务比赛花钱请人做网站，还是本地的静态网站，有点冤种；\n对Github的工作流有了一定了解，比一键**Download ZIP**有所进步；\n看了很多人写的教程才完成，花了整整两天，还是有点费时间的，除了瞎折腾，更多的其实是想搭建一个**输出**的平台，锻炼一下自己的表达、总结能力，改善一下自己学了就忘，忘了就废的情况，希望自己能继续坚持，多写几篇！\n\n\n\n[^1]:> [知乎：GitHub+Hexo 搭建个人网站详细教程](https://zhuanlan.zhihu.com/p/26625249)\n     [Hexo官方文档](https://hexo.io/zh-cn/docs/)\n     [Next主题官方文档](http://theme-next.iissnan.com/getting-started.html)\n     [知乎：hexo的next主题个性化教程:打造炫酷网站](https://zhuanlan.zhihu.com/p/28128674)\n     [菜鸟教程：Markdown 教程](https://www.runoob.com/markdown/md-tutorial.html)","slug":"Hello-blog","published":1,"updated":"2022-11-23T08:43:36.278Z","comments":1,"layout":"post","photos":[],"link":"","_id":"clatehjwo0000bguo56am4vqs","content":"<p>第一篇博客用来记录搭建该网站并成功发表这篇博客的流程，使用Hexo静态博客框架，托管于Github，参考了多篇文章[^1]。</p>\n<img decoding=\"async\" src=\"https://s2.loli.net/2022/11/20/LG4pSfyvVZ6iBWc.jpg\" width=100>\n\n<h2 id=\"总体流程\"><a href=\"#总体流程\" class=\"headerlink\" title=\"总体流程\"></a>总体流程</h2><p>其中主流程参考<a href=\"https://zhuanlan.zhihu.com/p/26625249\">知乎：GitHub+Hexo 搭建个人网站详细教程</a>，虽然是17年的老文章，但每一步都非常详细，框架搭建过程存在问题可以看文章的评论区或<a href=\"https://hexo.io/zh-cn/docs/\">Hexo官方文档</a>进行补充；</p>\n<p>域名在<a href=\"https://dc.console.aliyun.com/next/index?spm=5176.12818093.ProductAndResource--ali--widget-product-recent.dre1.265516d0P13nxv&accounttraceid=b4a1b2c1dcab4588a55aa2f5926041aazltv#/overview\">阿里云</a>购买,买的 <em>wangyujie.site</em> 首年6元，这也是唯一的开销，如果愿意使用原网站 <em>&lt;arrowes.github.io&gt;</em> ,这一步甚至可以省略；</p>\n<p>选用了Next主题，主题优化参考了<a href=\"http://theme-next.iissnan.com/getting-started.html\">Next主题官方文档</a>以及<a href=\"https://zhuanlan.zhihu.com/p/28128674\">知乎：hexo的next主题个性化教程:打造炫酷网站</a>（其中访问量、统计功能教程已过期），可以把网站搭建的花里胡哨；</p>\n<p>编写博客使用的Markdown语言通过看<a href=\"https://www.runoob.com/markdown/md-tutorial.html\">菜鸟教程：Markdown 教程</a>非常简单，可以边学边写；</p>\n<p>其他工具有：logo下载：<a href=\"https://www.iconfont.cn/\">iconfont</a>，Next默认的icon网站（灰色为收费图标）：<a href=\"https://fontawesome.com/icons\">Font Awesome</a>，图床url链接生成：<a href=\"https://sm.ms/\">SM.MS</a>，此外，大多数网站需要用到<del>科学上网</del>。</p>\n<p>Github网站项目地址：<a href=\"https://github.com/Arrowes/Arrowes.github.io\">Arrowes.github.io</a></p>\n<p>用关键词在谷歌里搜到自己的网页：<a href=\"https://zoharandroid.github.io/2019-08-03-%E8%AE%A9%E8%B0%B7%E6%AD%8C%E6%90%9C%E7%B4%A2%E5%88%B0%E8%87%AA%E5%B7%B1%E7%9A%84%E5%8D%9A%E5%AE%A2/\">让Google搜索到自己的博客</a></p>\n<h2 id=\"网站配置\"><a href=\"#网站配置\" class=\"headerlink\" title=\"网站配置\"></a>网站配置</h2><h5 id=\"hexo-添加自定义单静态页面-跳过hexo渲染，以resume为例\"><a href=\"#hexo-添加自定义单静态页面-跳过hexo渲染，以resume为例\" class=\"headerlink\" title=\"hexo 添加自定义单静态页面 跳过hexo渲染，以resume为例:\"></a>hexo 添加自定义单静态页面 跳过hexo渲染，以resume为例:</h5><ol>\n<li>将resume文件夹放进Theme主题文件夹下的&#x2F;source</li>\n<li>Hexo-config: skip_render: resume&#x2F;** （可省略）</li>\n</ol>\n<h5 id=\"添加动态背景，以动态线条为例：\"><a href=\"#添加动态背景，以动态线条为例：\" class=\"headerlink\" title=\"添加动态背景，以动态线条为例：\"></a>添加动态背景，以动态线条为例：</h5><ol>\n<li>themes&#x2F;next&#x2F;layout&#x2F;_layout 在</body>末尾添加如下代码：  <figure class=\"highlight html\"><table><tr><td class=\"gutter\"><pre><span class=\"line\">1</span><br><span class=\"line\">2</span><br><span class=\"line\">3</span><br></pre></td><td class=\"code\"><pre><span class=\"line\">&#123;% if theme.canvas_nest %&#125;</span><br><span class=\"line\"><span class=\"tag\">&lt;<span class=\"name\">script</span> <span class=\"attr\">type</span>=<span class=\"string\">&quot;text/javascript&quot;</span> <span class=\"attr\">src</span>=<span class=\"string\">&quot;//cdn.bootcss.com/canvas-nest.js/1.0.0/canvas-nest.min.js&quot;</span>&gt;</span><span class=\"tag\">&lt;/<span class=\"name\">script</span>&gt;</span></span><br><span class=\"line\">&#123;% endif %&#125;</span><br></pre></td></tr></table></figure></li>\n<li>&#x2F;next&#x2F;_config.yml,在里面添加如下代码：(可以放在最后面)  <figure class=\"highlight html\"><table><tr><td class=\"gutter\"><pre><span class=\"line\">1</span><br><span class=\"line\">2</span><br></pre></td><td class=\"code\"><pre><span class=\"line\">#是否打开动态背景</span><br><span class=\"line\">canvas_nest: true</span><br></pre></td></tr></table></figure></li>\n</ol>\n<h5 id=\"统计功能\"><a href=\"#统计功能\" class=\"headerlink\" title=\"统计功能\"></a>统计功能</h5><p>打开themes\\next\\layout_partial\\footer.swig文件，在文件末尾添加：</p>\n<figure class=\"highlight html\"><table><tr><td class=\"gutter\"><pre><span class=\"line\">1</span><br><span class=\"line\">2</span><br><span class=\"line\">3</span><br><span class=\"line\">4</span><br><span class=\"line\">5</span><br></pre></td><td class=\"code\"><pre><span class=\"line\"><span class=\"tag\">&lt;<span class=\"name\">div</span> <span class=\"attr\">class</span>=<span class=\"string\">&quot;theme-info&quot;</span>&gt;</span></span><br><span class=\"line\">  <span class=\"tag\">&lt;<span class=\"name\">div</span> <span class=\"attr\">class</span>=<span class=\"string\">&quot;powered-by&quot;</span>&gt;</span><span class=\"tag\">&lt;/<span class=\"name\">div</span>&gt;</span></span><br><span class=\"line\">  <span class=\"tag\">&lt;<span class=\"name\">script</span> <span class=\"attr\">async</span> <span class=\"attr\">src</span>=<span class=\"string\">&quot;//busuanzi.ibruce.info/busuanzi/2.3/busuanzi.pure.mini.js&quot;</span>&gt;</span><span class=\"tag\">&lt;/<span class=\"name\">script</span>&gt;</span></span><br><span class=\"line\">  <span class=\"tag\">&lt;<span class=\"name\">span</span> <span class=\"attr\">class</span>=<span class=\"string\">&quot;post-count&quot;</span>&gt;</span>全站共&#123;&#123; totalcount(site) &#125;&#125;字<span class=\"tag\">&lt;/<span class=\"name\">span</span>&gt;</span> | 访问量<span class=\"tag\">&lt;<span class=\"name\">span</span> <span class=\"attr\">id</span>=<span class=\"string\">&quot;busuanzi_value_site_pv&quot;</span>&gt;</span><span class=\"tag\">&lt;/<span class=\"name\">span</span>&gt;</span>次</span><br><span class=\"line\"><span class=\"tag\">&lt;/<span class=\"name\">div</span>&gt;</span></span><br></pre></td></tr></table></figure>\n<h5 id=\"配置网站超链接颜色\"><a href=\"#配置网站超链接颜色\" class=\"headerlink\" title=\"配置网站超链接颜色\"></a>配置网站超链接颜色</h5><p>打开 <code>Blog\\themes\\next\\source\\css\\_common\\components\\post</code> 路径下的post.styl , 并在底部添加如下代码:</p>\n<figure class=\"highlight html\"><table><tr><td class=\"gutter\"><pre><span class=\"line\">1</span><br><span class=\"line\">2</span><br><span class=\"line\">3</span><br><span class=\"line\">4</span><br><span class=\"line\">5</span><br><span class=\"line\">6</span><br><span class=\"line\">7</span><br><span class=\"line\">8</span><br><span class=\"line\">9</span><br></pre></td><td class=\"code\"><pre><span class=\"line\">a:not(.btn)&#123;</span><br><span class=\"line\">  color: #90EE90; //超链接显示颜色</span><br><span class=\"line\">  border-bottom: none;</span><br><span class=\"line\">  &amp;:hover &#123;</span><br><span class=\"line\">\tcolor: #00FA9A;  //鼠标移动上去后超链接颜色</span><br><span class=\"line\">\tfont-weight: bold;</span><br><span class=\"line\">\ttext-decoration: underline;</span><br><span class=\"line\">\t&#125;</span><br><span class=\"line\">  &#125;</span><br></pre></td></tr></table></figure>\n\n\n<h2 id=\"常用Hexo指令\"><a href=\"#常用Hexo指令\" class=\"headerlink\" title=\"常用Hexo指令\"></a>常用<a href=\"https://hexo.io/zh-cn/docs/commands\">Hexo指令</a></h2><p><code>hexo init [folder]</code> 新建一个网站<br><code>hexo new &quot;title&quot;</code> 新建一篇文章<br><code>hexo clean</code> 清除缓存文件 (db.json) 和已生成的静态文件 (public)<br><code>hexo g</code> 生成静态文件<br><code>hexo s</code> 生成本地预览 <a href=\"localhost:4000\">localhost:4000</a><br><code>hexo d</code> 部署网站</p>\n<p><code>hexo clean &amp;&amp; hexo g &amp;&amp; hexo s</code> 快速预览<br><code>hexo clean &amp;&amp; hexo g &amp;&amp; hexo d</code> 快速部署</p>\n<h2 id=\"Bug\"><a href=\"#Bug\" class=\"headerlink\" title=\"Bug\"></a>Bug</h2><p>√ 网站底部的图标不显示:Font Awesome部分图标收费<br>√ 访客数、文章字数没有数据：busuanzi链接过期<br>部署经常超时 error：spawn failed，参考的<a href=\"https://blog.csdn.net/HTL2018/article/details/106876940\">方法</a>存疑</p>\n<h2 id=\"总结\"><a href=\"#总结\" class=\"headerlink\" title=\"总结\"></a>总结</h2><p>熟悉了搭建网站流程，想起本科打电子商务比赛花钱请人做网站，还是本地的静态网站，有点冤种；<br>对Github的工作流有了一定了解，比一键<strong>Download ZIP</strong>有所进步；<br>看了很多人写的教程才完成，花了整整两天，还是有点费时间的，除了瞎折腾，更多的其实是想搭建一个<strong>输出</strong>的平台，锻炼一下自己的表达、总结能力，改善一下自己学了就忘，忘了就废的情况，希望自己能继续坚持，多写几篇！</p>\n<p>[^1]:&gt; <a href=\"https://zhuanlan.zhihu.com/p/26625249\">知乎：GitHub+Hexo 搭建个人网站详细教程</a><br>     <a href=\"https://hexo.io/zh-cn/docs/\">Hexo官方文档</a><br>     <a href=\"http://theme-next.iissnan.com/getting-started.html\">Next主题官方文档</a><br>     <a href=\"https://zhuanlan.zhihu.com/p/28128674\">知乎：hexo的next主题个性化教程:打造炫酷网站</a><br>     <a href=\"https://www.runoob.com/markdown/md-tutorial.html\">菜鸟教程：Markdown 教程</a></p>\n","site":{"data":{}},"excerpt":"","more":"<p>第一篇博客用来记录搭建该网站并成功发表这篇博客的流程，使用Hexo静态博客框架，托管于Github，参考了多篇文章[^1]。</p>\n<img decoding=\"async\" src=\"https://s2.loli.net/2022/11/20/LG4pSfyvVZ6iBWc.jpg\" width=100>\n\n<h2 id=\"总体流程\"><a href=\"#总体流程\" class=\"headerlink\" title=\"总体流程\"></a>总体流程</h2><p>其中主流程参考<a href=\"https://zhuanlan.zhihu.com/p/26625249\">知乎：GitHub+Hexo 搭建个人网站详细教程</a>，虽然是17年的老文章，但每一步都非常详细，框架搭建过程存在问题可以看文章的评论区或<a href=\"https://hexo.io/zh-cn/docs/\">Hexo官方文档</a>进行补充；</p>\n<p>域名在<a href=\"https://dc.console.aliyun.com/next/index?spm=5176.12818093.ProductAndResource--ali--widget-product-recent.dre1.265516d0P13nxv&accounttraceid=b4a1b2c1dcab4588a55aa2f5926041aazltv#/overview\">阿里云</a>购买,买的 <em>wangyujie.site</em> 首年6元，这也是唯一的开销，如果愿意使用原网站 <em>&lt;arrowes.github.io&gt;</em> ,这一步甚至可以省略；</p>\n<p>选用了Next主题，主题优化参考了<a href=\"http://theme-next.iissnan.com/getting-started.html\">Next主题官方文档</a>以及<a href=\"https://zhuanlan.zhihu.com/p/28128674\">知乎：hexo的next主题个性化教程:打造炫酷网站</a>（其中访问量、统计功能教程已过期），可以把网站搭建的花里胡哨；</p>\n<p>编写博客使用的Markdown语言通过看<a href=\"https://www.runoob.com/markdown/md-tutorial.html\">菜鸟教程：Markdown 教程</a>非常简单，可以边学边写；</p>\n<p>其他工具有：logo下载：<a href=\"https://www.iconfont.cn/\">iconfont</a>，Next默认的icon网站（灰色为收费图标）：<a href=\"https://fontawesome.com/icons\">Font Awesome</a>，图床url链接生成：<a href=\"https://sm.ms/\">SM.MS</a>，此外，大多数网站需要用到<del>科学上网</del>。</p>\n<p>Github网站项目地址：<a href=\"https://github.com/Arrowes/Arrowes.github.io\">Arrowes.github.io</a></p>\n<p>用关键词在谷歌里搜到自己的网页：<a href=\"https://zoharandroid.github.io/2019-08-03-%E8%AE%A9%E8%B0%B7%E6%AD%8C%E6%90%9C%E7%B4%A2%E5%88%B0%E8%87%AA%E5%B7%B1%E7%9A%84%E5%8D%9A%E5%AE%A2/\">让Google搜索到自己的博客</a></p>\n<h2 id=\"网站配置\"><a href=\"#网站配置\" class=\"headerlink\" title=\"网站配置\"></a>网站配置</h2><h5 id=\"hexo-添加自定义单静态页面-跳过hexo渲染，以resume为例\"><a href=\"#hexo-添加自定义单静态页面-跳过hexo渲染，以resume为例\" class=\"headerlink\" title=\"hexo 添加自定义单静态页面 跳过hexo渲染，以resume为例:\"></a>hexo 添加自定义单静态页面 跳过hexo渲染，以resume为例:</h5><ol>\n<li>将resume文件夹放进Theme主题文件夹下的&#x2F;source</li>\n<li>Hexo-config: skip_render: resume&#x2F;** （可省略）</li>\n</ol>\n<h5 id=\"添加动态背景，以动态线条为例：\"><a href=\"#添加动态背景，以动态线条为例：\" class=\"headerlink\" title=\"添加动态背景，以动态线条为例：\"></a>添加动态背景，以动态线条为例：</h5><ol>\n<li>themes&#x2F;next&#x2F;layout&#x2F;_layout 在</body>末尾添加如下代码：  <figure class=\"highlight html\"><table><tr><td class=\"gutter\"><pre><span class=\"line\">1</span><br><span class=\"line\">2</span><br><span class=\"line\">3</span><br></pre></td><td class=\"code\"><pre><span class=\"line\">&#123;% if theme.canvas_nest %&#125;</span><br><span class=\"line\"><span class=\"tag\">&lt;<span class=\"name\">script</span> <span class=\"attr\">type</span>=<span class=\"string\">&quot;text/javascript&quot;</span> <span class=\"attr\">src</span>=<span class=\"string\">&quot;//cdn.bootcss.com/canvas-nest.js/1.0.0/canvas-nest.min.js&quot;</span>&gt;</span><span class=\"tag\">&lt;/<span class=\"name\">script</span>&gt;</span></span><br><span class=\"line\">&#123;% endif %&#125;</span><br></pre></td></tr></table></figure></li>\n<li>&#x2F;next&#x2F;_config.yml,在里面添加如下代码：(可以放在最后面)  <figure class=\"highlight html\"><table><tr><td class=\"gutter\"><pre><span class=\"line\">1</span><br><span class=\"line\">2</span><br></pre></td><td class=\"code\"><pre><span class=\"line\">#是否打开动态背景</span><br><span class=\"line\">canvas_nest: true</span><br></pre></td></tr></table></figure></li>\n</ol>\n<h5 id=\"统计功能\"><a href=\"#统计功能\" class=\"headerlink\" title=\"统计功能\"></a>统计功能</h5><p>打开themes\\next\\layout_partial\\footer.swig文件，在文件末尾添加：</p>\n<figure class=\"highlight html\"><table><tr><td class=\"gutter\"><pre><span class=\"line\">1</span><br><span class=\"line\">2</span><br><span class=\"line\">3</span><br><span class=\"line\">4</span><br><span class=\"line\">5</span><br></pre></td><td class=\"code\"><pre><span class=\"line\"><span class=\"tag\">&lt;<span class=\"name\">div</span> <span class=\"attr\">class</span>=<span class=\"string\">&quot;theme-info&quot;</span>&gt;</span></span><br><span class=\"line\">  <span class=\"tag\">&lt;<span class=\"name\">div</span> <span class=\"attr\">class</span>=<span class=\"string\">&quot;powered-by&quot;</span>&gt;</span><span class=\"tag\">&lt;/<span class=\"name\">div</span>&gt;</span></span><br><span class=\"line\">  <span class=\"tag\">&lt;<span class=\"name\">script</span> <span class=\"attr\">async</span> <span class=\"attr\">src</span>=<span class=\"string\">&quot;//busuanzi.ibruce.info/busuanzi/2.3/busuanzi.pure.mini.js&quot;</span>&gt;</span><span class=\"tag\">&lt;/<span class=\"name\">script</span>&gt;</span></span><br><span class=\"line\">  <span class=\"tag\">&lt;<span class=\"name\">span</span> <span class=\"attr\">class</span>=<span class=\"string\">&quot;post-count&quot;</span>&gt;</span>全站共&#123;&#123; totalcount(site) &#125;&#125;字<span class=\"tag\">&lt;/<span class=\"name\">span</span>&gt;</span> | 访问量<span class=\"tag\">&lt;<span class=\"name\">span</span> <span class=\"attr\">id</span>=<span class=\"string\">&quot;busuanzi_value_site_pv&quot;</span>&gt;</span><span class=\"tag\">&lt;/<span class=\"name\">span</span>&gt;</span>次</span><br><span class=\"line\"><span class=\"tag\">&lt;/<span class=\"name\">div</span>&gt;</span></span><br></pre></td></tr></table></figure>\n<h5 id=\"配置网站超链接颜色\"><a href=\"#配置网站超链接颜色\" class=\"headerlink\" title=\"配置网站超链接颜色\"></a>配置网站超链接颜色</h5><p>打开 <code>Blog\\themes\\next\\source\\css\\_common\\components\\post</code> 路径下的post.styl , 并在底部添加如下代码:</p>\n<figure class=\"highlight html\"><table><tr><td class=\"gutter\"><pre><span class=\"line\">1</span><br><span class=\"line\">2</span><br><span class=\"line\">3</span><br><span class=\"line\">4</span><br><span class=\"line\">5</span><br><span class=\"line\">6</span><br><span class=\"line\">7</span><br><span class=\"line\">8</span><br><span class=\"line\">9</span><br></pre></td><td class=\"code\"><pre><span class=\"line\">a:not(.btn)&#123;</span><br><span class=\"line\">  color: #90EE90; //超链接显示颜色</span><br><span class=\"line\">  border-bottom: none;</span><br><span class=\"line\">  &amp;:hover &#123;</span><br><span class=\"line\">\tcolor: #00FA9A;  //鼠标移动上去后超链接颜色</span><br><span class=\"line\">\tfont-weight: bold;</span><br><span class=\"line\">\ttext-decoration: underline;</span><br><span class=\"line\">\t&#125;</span><br><span class=\"line\">  &#125;</span><br></pre></td></tr></table></figure>\n\n\n<h2 id=\"常用Hexo指令\"><a href=\"#常用Hexo指令\" class=\"headerlink\" title=\"常用Hexo指令\"></a>常用<a href=\"https://hexo.io/zh-cn/docs/commands\">Hexo指令</a></h2><p><code>hexo init [folder]</code> 新建一个网站<br><code>hexo new &quot;title&quot;</code> 新建一篇文章<br><code>hexo clean</code> 清除缓存文件 (db.json) 和已生成的静态文件 (public)<br><code>hexo g</code> 生成静态文件<br><code>hexo s</code> 生成本地预览 <a href=\"localhost:4000\">localhost:4000</a><br><code>hexo d</code> 部署网站</p>\n<p><code>hexo clean &amp;&amp; hexo g &amp;&amp; hexo s</code> 快速预览<br><code>hexo clean &amp;&amp; hexo g &amp;&amp; hexo d</code> 快速部署</p>\n<h2 id=\"Bug\"><a href=\"#Bug\" class=\"headerlink\" title=\"Bug\"></a>Bug</h2><p>√ 网站底部的图标不显示:Font Awesome部分图标收费<br>√ 访客数、文章字数没有数据：busuanzi链接过期<br>部署经常超时 error：spawn failed，参考的<a href=\"https://blog.csdn.net/HTL2018/article/details/106876940\">方法</a>存疑</p>\n<h2 id=\"总结\"><a href=\"#总结\" class=\"headerlink\" title=\"总结\"></a>总结</h2><p>熟悉了搭建网站流程，想起本科打电子商务比赛花钱请人做网站，还是本地的静态网站，有点冤种；<br>对Github的工作流有了一定了解，比一键<strong>Download ZIP</strong>有所进步；<br>看了很多人写的教程才完成，花了整整两天，还是有点费时间的，除了瞎折腾，更多的其实是想搭建一个<strong>输出</strong>的平台，锻炼一下自己的表达、总结能力，改善一下自己学了就忘，忘了就废的情况，希望自己能继续坚持，多写几篇！</p>\n<p>[^1]:&gt; <a href=\"https://zhuanlan.zhihu.com/p/26625249\">知乎：GitHub+Hexo 搭建个人网站详细教程</a><br>     <a href=\"https://hexo.io/zh-cn/docs/\">Hexo官方文档</a><br>     <a href=\"http://theme-next.iissnan.com/getting-started.html\">Next主题官方文档</a><br>     <a href=\"https://zhuanlan.zhihu.com/p/28128674\">知乎：hexo的next主题个性化教程:打造炫酷网站</a><br>     <a href=\"https://www.runoob.com/markdown/md-tutorial.html\">菜鸟教程：Markdown 教程</a></p>\n"}],"PostAsset":[],"PostCategory":[],"PostTag":[],"Tag":[]}}